Quote ID (Do Not Change),Quote Name,Linked Project Key,Current Project Name (Reference Only)
PO-2026-6587,Demo Project,demo-project,Demo Project
PO-2026-7924,Britz,britz,Britz
PO-LEGACY-10-sugarbird-lane-exterior-replacements,10 Sugarbird Lane (Exterior Replacements),10-sugarbird-lane-exterior-replacements,10 Sugarbird Lane (Exterior Replacements)
PO-LEGACY-119a-kloof-nek-road-replacements,119a Kloof Nek Road (Replacements),119a-kloof-nek-road-replacements,119a Kloof Nek Road (Replacements)
PO-LEGACY-127-dummer-street-general-lightingextras-1,127 Dummer Street (General Lighting)(Extras 1),127-dummer-street-general-lighting-extras-2,127 Dummer Street (General Lighting)(Extras 1)
PO-LEGACY-127-dummer-street-general-lighting-extras-2,127 Dummer Street (General Lighting) (Extras 2),127-dummer-street-general-lighting-extras-2,127 Dummer Street (General Lighting) (Extras 2)
PO-LEGACY-16-trade-winds-exterior-lighting,16 Trade Winds (Exterior Lighting),16-trade-winds-exterior-lighting,16 Trade Winds (Exterior Lighting)
PO-LEGACY-1-stern-close-spike-lights,1 Stern Close (Spike Lights),1-stern-close-spike-lights,1 Stern Close (Spike Lights)
PO-LEGACY-2138-house-bryson-ceiling-led,2138 House Bryson (Ceiling Led),2138-house-bryson-ceiling-led,2138 House Bryson (Ceiling Led)
PO-LEGACY-2138-house-bryson-general-lighting,2138 House Bryson (General Lighting),2138-house-bryson-ceiling-led,2138 House Bryson (General Lighting)
PO-LEGACY-25-primrose-ave-12-linear-light,25 Primrose Ave (1.2 Linear Light),25-primrose-ave-12-linear-light,25 Primrose Ave (1.2 Linear Light)
PO-LEGACY-264-ovd-landscape-lighting,264 OVD (Landscape Lighting),264-ovd-landscape-lighting,264 OVD (Landscape Lighting)
PO-LEGACY-301-val-de-vie-landscape-lighting,301 Val De Vie (Landscape Lighting),301-val-de-vie-landscape-lighting,301 Val De Vie (Landscape Lighting)
PO-LEGACY-33-kerzner-estate-design-fee,33 Kerzner Estate (Design Fee),33-kerzner-estate-design-fee,33 Kerzner Estate (Design Fee)
PO-LEGACY-33-kerzner-fualty-replacement,33 Kerzner (Fualty Replacement),33-kerzner-fualty-replacement,33 Kerzner (Fualty Replacement)
PO-LEGACY-35-kensington-crescent-design-fee,35 Kensington Crescent (Design Fee),35-kensington-cres-decorative-lighting,35 Kensington Crescent (Design Fee)
PO-LEGACY-35-kensington-cres-decorative-lighting,35 Kensington Cres (Decorative Lighting),35-kensington-cres-decorative-lighting,35 Kensington Cres (Decorative Lighting)
PO-LEGACY-35-kensington-cres-landscape-lighting,35 Kensington Cres (Landscape Lighting),35-kensington-cres-decorative-lighting,35 Kensington Cres (Landscape Lighting)
PO-LEGACY-402-bantry-rocks-led-lighting,402 Bantry Rocks (LED Lighting),402-bantry-rocks-led-lighting,402 Bantry Rocks (LED Lighting)
PO-LEGACY-4352-atlantic-beach-estate-consultation-fee,4352 Atlantic Beach Estate - Consultation Fee,4352-atlantic-beach-estate-consultation-fee,4352 Atlantic Beach Estate - Consultation Fee
PO-LEGACY-45-victoria-apartment-portfolio-x1-unit-design-fee,45 Victoria - Apartment Portfolio  x1 Unit ( Design Fee),45-victoria-apartment-product-est,45 Victoria - Apartment Portfolio  x1 Unit ( Design Fee)
PO-LEGACY-45-victoria-apartment-product-est,45 Victoria - Apartment (Product ) EST,45-victoria-apartment-product-est,45 Victoria - Apartment (Product ) EST
PO-LEGACY-45-victoria-apartment-signature-design-fee,45 Victoria - Apartment Signature( Design Fee),45-victoria-apartment-product-est,45 Victoria - Apartment Signature( Design Fee)
PO-LEGACY-45-victoria-common-areas-signature-design-design-fee,45 Victoria -Common areas Signature Design ( Design Fee),45-victoria-apartment-product-est,45 Victoria -Common areas Signature Design ( Design Fee)
PO-LEGACY-45-victoria-penthouse-design-fee,45 Victoria - penthouse -Design Fee,45-victoria-apartment-product-est,45 Victoria - penthouse -Design Fee
PO-LEGACY-45-victoria-penthouse-product-est,45 Victoria - Penthouse  (Product ) EST,45-victoria-apartment-product-est,45 Victoria - Penthouse  (Product ) EST
PO-LEGACY-46-sedgemoor-rd-camps-bay,"46 Sedgemoor Rd, Camps Bay",46-sedgemoor-rd-ceiling-step-led-lighting,"46 Sedgemoor Rd, Camps Bay"
PO-LEGACY-46-sedgemoor-rd-ceiling-step-led-lighting,46 Sedgemoor Rd (Ceiling & Step LED Lighting),46-sedgemoor-rd-ceiling-step-led-lighting,46 Sedgemoor Rd (Ceiling & Step LED Lighting)
PO-LEGACY-46-sedgemoor-rd-general-lighting,46 Sedgemoor Rd (General Lighting),46-sedgemoor-rd-ceiling-step-led-lighting,46 Sedgemoor Rd (General Lighting)
PO-LEGACY-46-sedgemoor-rd-landscape-lighting,46 Sedgemoor Rd (Landscape Lighting),46-sedgemoor-rd-ceiling-step-led-lighting,46 Sedgemoor Rd (Landscape Lighting)
PO-LEGACY-4-peach-lane-extra-floods,4 Peach Lane (Extra Floods),4-peach-lane-extra-floods,4 Peach Lane (Extra Floods)
PO-LEGACY-551-attic-stock,551 (Attic Stock),551-attic-stock,551 (Attic Stock)
PO-LEGACY-58-sunset-design-fee,58 Sunset (Design Fee),58-sunset-design-fee,58 Sunset (Design Fee)
PO-LEGACY-58-sunset-extra-fittings-2-credit,58 Sunset (Extra Fittings 2) (Credit),58-sunset-design-fee,58 Sunset (Extra Fittings 2) (Credit)
PO-LEGACY-58-sunset-joinery-led-and-assembly,58 Sunset (Joinery LED and Assembly),58-sunset-design-fee,58 Sunset (Joinery LED and Assembly)
PO-LEGACY-58-sunset-linear-pendant,58 Sunset (Linear Pendant),58-sunset-design-fee,58 Sunset (Linear Pendant)
PO-LEGACY-58-sunset-pj-lounge-joinery-led,58 Sunset (PJ Lounge Joinery LED),58-sunset-design-fee,58 Sunset (PJ Lounge Joinery LED)
PO-LEGACY-58-sunset-required-drivers,58 Sunset (Required Drivers),58-sunset-design-fee,58 Sunset (Required Drivers)
PO-LEGACY-59-strathmore-design-fee,59 Strathmore (Design Fee),59-strathmore-design-fee,59 Strathmore (Design Fee)
PO-LEGACY-602-clifton-terraces-additional-art-spots,602 Clifton Terraces (Additional Art Spots),602-clifton-terraces-additional-art-spots,602 Clifton Terraces (Additional Art Spots)
PO-LEGACY-67-ocean-view-drive-general-lighting,67 Ocean View Drive (General Lighting),67-ocean-view-drive-general-lighting,67 Ocean View Drive (General Lighting)
PO-LEGACY-6-ave-glen-lamps-pergola-lighting,6 Ave Glen (Lamps & Pergola Lighting),6-ave-glen-lamps-pergola-lighting,6 Ave Glen (Lamps & Pergola Lighting)
PO-LEGACY-6-ave-glen-lanscape-lighting-extras,6 Ave Glen (Lanscape Lighting Extras),6-ave-glen-lamps-pergola-lighting,6 Ave Glen (Lanscape Lighting Extras)
PO-LEGACY-6-ave-glen-led-extras-3,6 Ave Glen (LED Extras 3),6-ave-glen-lamps-pergola-lighting,6 Ave Glen (LED Extras 3)
PO-LEGACY-6-ave-glen-replacement-landscape-fittings,6 Ave Glen (Replacement Landscape Fittings),6-ave-glen-lamps-pergola-lighting,6 Ave Glen (Replacement Landscape Fittings)
PO-LEGACY-6-ave-glen-replacements-for-landscape-lighting,6 Ave Glen (Replacements For Landscape Lighting),6-ave-glen-lamps-pergola-lighting,6 Ave Glen (Replacements For Landscape Lighting)
PO-LEGACY-6-glen-avenue-design-fee,6 Glen Avenue (Design Fee),6-glen-avenue-design-fee,6 Glen Avenue (Design Fee)
PO-LEGACY-abendanon-led-driversreplacement,Abendanon (LED Drivers)(Replacement),abendanon-led-driversreplacement,Abendanon (LED Drivers)(Replacement)
PO-LEGACY-alex-cotchobos-general-lighting,Alex Cotchobos (General Lighting),alex-cotchobos-general-lighting,Alex Cotchobos (General Lighting)
PO-LEGACY-andrea-cilloniz-extra-track-feeds,Andrea Cilloniz (Extra Track Feeds),andrea-cilloniz-extra-track-feeds,Andrea Cilloniz (Extra Track Feeds)
PO-LEGACY-apartment-viljoen-pool-led,Apartment Viljoen (Pool LED),apartment-viljoen-pool-led,Apartment Viljoen (Pool LED)
PO-LEGACY-arum-3-wire-track-lighting,Arum (3-Wire Track Lighting),arum-3-wire-track-lighting,Arum (3-Wire Track Lighting)
PO-LEGACY-arum-black-sprayed-replacement-spot,Arum (Black Sprayed Replacement Spot),arum-3-wire-track-lighting,Arum (Black Sprayed Replacement Spot)
PO-LEGACY-arum-boschendal-switching,Arum Boschendal (Switching),arum-3-wire-track-lighting,Arum Boschendal (Switching)
PO-LEGACY-arum-decorative-lighting,Arum (Decorative Lighting),arum-3-wire-track-lighting,Arum (Decorative Lighting)
PO-LEGACY-arum-general-lighting,Arum (General Lighting),arum-3-wire-track-lighting,Arum (General Lighting)
PO-LEGACY-arum-led-labour-fee,Arum (LED Labour Fee),arum-3-wire-track-lighting,Arum (LED Labour Fee)
PO-LEGACY-arum-restaurant-automation-consultation,Arum Restaurant  (Automation Consultation),arum-3-wire-track-lighting,Arum Restaurant  (Automation Consultation)
PO-LEGACY-atlantic-beach-architectural-lighting,Atlantic Beach (Architectural Lighting),atlantic-beach-architectural-lighting,Atlantic Beach (Architectural Lighting)
PO-LEGACY-atlantic-beach-ceiling-step-led-lighting,Atlantic Beach (Ceiling & Step LED Lighting),atlantic-beach-architectural-lighting,Atlantic Beach (Ceiling & Step LED Lighting)
PO-LEGACY-atlantic-beach-plugsautomation,Atlantic Beach (Plugs)(Automation),atlantic-beach-architectural-lighting,Atlantic Beach (Plugs)(Automation)
PO-LEGACY-atlantic-beach-switching,Atlantic Beach (Switching),atlantic-beach-architectural-lighting,Atlantic Beach (Switching)
PO-LEGACY-avondale-ridge-house-ceiling-led,Avondale Ridge House (Ceiling Led),avondale-ridge-house-ceiling-led,Avondale Ridge House (Ceiling Led)
PO-LEGACY-avondale-ridge-house-general-lighting,Avondale Ridge House (General Lighting),avondale-ridge-house-ceiling-led,Avondale Ridge House (General Lighting)
PO-LEGACY-avondale-ridge-house-joinery-mirror-niche-led,"Avondale Ridge House (Joinery, Mirror & Niche LED)",avondale-ridge-house-ceiling-led,"Avondale Ridge House (Joinery, Mirror & Niche LED)"
PO-LEGACY-avondale-ridge-house-landscape-lighting,Avondale Ridge House (Landscape Lighting),avondale-ridge-house-ceiling-led,Avondale Ridge House (Landscape Lighting)
PO-LEGACY-bakoven-ceiling-led,Bakoven (Ceiling LED),bakoven-ceiling-led,Bakoven (Ceiling LED)
PO-LEGACY-bakoven-general-lighting,Bakoven (General Lighting),bakoven-ceiling-led,Bakoven (General Lighting)
PO-LEGACY-bantry-place-exterior-wall-lights,Bantry Place (Exterior Wall Lights),bantry-place-exterior-wall-lights,Bantry Place (Exterior Wall Lights)
PO-LEGACY-bantry-rocks-balcony,Bantry Rocks (Balcony),bantry-rocks-balcony,Bantry Rocks (Balcony)
PO-LEGACY-bell-ceiling-led,Bell (Ceiling Led),bell-ceiling-led,Bell (Ceiling Led)
PO-LEGACY-bell-general-lighting,Bell (General Lighting),bell-ceiling-led,Bell (General Lighting)
PO-LEGACY-bennett-bb-spike-lights,Bennett (B&B Spike Lights),bennett-bb-spike-lights,Bennett (B&B Spike Lights)
PO-LEGACY-bennett-ceiling-led,Bennett (Ceiling Led),bennett-bb-spike-lights,Bennett (Ceiling Led)
PO-LEGACY-bennett-general-lighting,Bennett (General Lighting),bennett-bb-spike-lights,Bennett (General Lighting)
PO-LEGACY-bennett-guest-villas-joinery-led,Bennett (Guest Villas) (Joinery LED),bennett-bb-spike-lights,Bennett (Guest Villas) (Joinery LED)
PO-LEGACY-bennett-guest-villas-wall-lights,Bennett (Guest Villas) (Wall Lights),bennett-bb-spike-lights,Bennett (Guest Villas) (Wall Lights)
PO-LEGACY-bennett-wineyard-pathway,Bennett (Wineyard Pathway),bennett-bb-spike-lights,Bennett (Wineyard Pathway)
PO-LEGACY-berlion-general-lighting,Berlion (General Lighting),berlion-general-lighting,Berlion (General Lighting)
PO-LEGACY-berlion-joinery-led,Berlion (Joinery LED),berlion-general-lighting,Berlion (Joinery LED)
PO-LEGACY-beyond-restaurant-automation-consultation,Beyond Restaurant (Automation Consultation),beyond-restaurant-automation-consultation,Beyond Restaurant (Automation Consultation)
PO-LEGACY-bezuidenhout-basement-design-fee,Bezuidenhout - Basement (Design Fee),bezuidenhout-basement-design-fee,Bezuidenhout - Basement (Design Fee)
PO-LEGACY-bone-studio-driver,Bone Studio - Driver,bone-studio-driver,Bone Studio - Driver
PO-LEGACY-boschendal-arum-site-visit-fee,Boschendal Arum - Site Visit Fee,boschendal-arum-site-visit-fee,Boschendal Arum - Site Visit Fee
PO-LEGACY-brendan-vadas-home-exterior-wall-lights,Brendan Vadas - Home (Exterior Wall Lights),brendan-vadas-home-exterior-wall-lights,Brendan Vadas - Home (Exterior Wall Lights)
PO-LEGACY-brendan-vadas-home-exterior-wall-lightsextras,Brendan Vadas - Home (Exterior Wall Lights)(Extras),brendan-vadas-home-exterior-wall-lights,Brendan Vadas - Home (Exterior Wall Lights)(Extras)
PO-LEGACY-brendan-vadas-home-exterior-wall-lightsextras2,Brendan Vadas - Home (Exterior Wall Lights)(Extras2),brendan-vadas-home-exterior-wall-lights,Brendan Vadas - Home (Exterior Wall Lights)(Extras2)
PO-LEGACY-britz-ceiling-led,Britz,britz,Britz
PO-LEGACY-britz-decorative-lighting,Britz,britz,Britz
PO-LEGACY-britz-general-lighting,Britz,britz,Britz
PO-LEGACY-britz-general-lighting-extras-1,Britz,britz,Britz
PO-LEGACY-britz-joinery-cladding-led,Britz,britz,Britz
PO-LEGACY-britz-led-extras-1,Britz,britz,Britz
PO-LEGACY-britz-plugs,Britz,britz,Britz
PO-LEGACY-britz-switching,Britz,britz,Britz
PO-LEGACY-broadoaks-rabbit-sculpture,Broadoaks (Rabbit Sculpture),broadoaks-rabbit-sculpture,Broadoaks (Rabbit Sculpture)
PO-LEGACY-broadoaks-replacements,Broadoaks (Replacements),broadoaks-rabbit-sculpture,Broadoaks (Replacements)
PO-LEGACY-buchu-design,Buchu (Design),buchu-design,Buchu (Design)
PO-LEGACY-buchu-house-design-proposal,Buchu House (Design Proposal),buchu-design,Buchu House (Design Proposal)
PO-LEGACY-buchu-mock-up-product-est,Buchu Mock-up (Product) - EST,buchu-design,Buchu Mock-up (Product) - EST
PO-LEGACY-buchu-twelve-design-proposal,Buchu Twelve (Design Proposal),buchu-design,Buchu Twelve (Design Proposal)
PO-LEGACY-buchu-villa-mock-up,Buchu Villa (Mock Up),buchu-design,Buchu Villa (Mock Up)
PO-LEGACY-buchu-villa-product,Buchu Villa (Product),buchu-design,Buchu Villa (Product)
PO-LEGACY-camps-bay-2762-decorative-lighting,Camps Bay 2762 (Decorative Lighting),camps-bay-2762-decorative-lighting,Camps Bay 2762 (Decorative Lighting)
PO-LEGACY-camps-bay-2762-led-lighting,Camps Bay 2762 (LED Lighting),camps-bay-2762-decorative-lighting,Camps Bay 2762 (LED Lighting)
PO-LEGACY-canal-walk-towers-signature-design-proposal-design-fee,Canal Walk - Towers Signature Design Proposal. (Design Fee),canal-walk-towers-signature-design-proposal-design-fee,Canal Walk - Towers Signature Design Proposal. (Design Fee)
PO-LEGACY-cape-kloof-villa-floor-light-repair,Cape Kloof Villa (Floor Light Repair),cape-kloof-villa-floor-light-repair,Cape Kloof Villa (Floor Light Repair)
PO-LEGACY-carlyle-square-general-lighting,Carlyle Square (General Lighting),carlyle-square-general-lighting,Carlyle Square (General Lighting)
PO-LEGACY-chemrent-replacement-corner,Chemrent (Replacement Corner),chemrent-replacement-corner,Chemrent (Replacement Corner)
PO-LEGACY-chris-van-niekerk-bollard-drivers,Chris Van Niekerk (Bollard Drivers),chris-van-niekerk-bollard-drivers,Chris Van Niekerk (Bollard Drivers)
PO-LEGACY-clifton-bungalow-design-fee,Clifton Bungalow (Design Fee),clifton-bungalow-design-fee,Clifton Bungalow (Design Fee)
PO-LEGACY-clifton-terrace-led-extras-4,Clifton Terrace (LED) (Extras 4),clifton-terrace-led-extras-4,Clifton Terrace (LED) (Extras 4)
PO-LEGACY-clifton-terraces-601-neon-flex-replacement-outside-gym,Clifton Terraces 601 - Neon Flex Replacement (Outside Gym),clifton-terraces-601-neon-flex-replacement-outside-gym,Clifton Terraces 601 - Neon Flex Replacement (Outside Gym)
PO-LEGACY-clifton-unit-6-design-fee,Clifton Unit 6 (Design Fee),clifton-unit-6-design-fee,Clifton Unit 6 (Design Fee)
PO-LEGACY-complimentary-sleeves-for-singita-footlights,Complimentary Sleeves for Singita Footlights,complimentary-sleeves-for-singita-footlights,Complimentary Sleeves for Singita Footlights
PO-LEGACY-cooper-extra-drivers,Cooper (Extra Drivers),cooper-extra-drivers,Cooper (Extra Drivers)
PO-LEGACY-cooper-wall-light-replacement,Cooper (Wall Light Replacement),cooper-extra-drivers,Cooper (Wall Light Replacement)
PO-LEGACY-cotchobos-31-thistle-decorative-lighting,Cotchobos 31 Thistle (Decorative Lighting),cotchobos-31-thistle-decorative-lighting,Cotchobos 31 Thistle (Decorative Lighting)
PO-LEGACY-cox-ceiling-led,Cox (Ceiling Led),cox-ceiling-led,Cox (Ceiling Led)
PO-LEGACY-cox-general-lighting,Cox (General Lighting),cox-ceiling-led,Cox (General Lighting)
PO-LEGACY-decorex-marketing-account-internal,Decorex (Marketing Account) - Internal,decorex-marketing-account-internal,Decorex (Marketing Account) - Internal
PO-LEGACY-delaire-graff-design-fee,Delaire Graff (Design Fee),delaire-graff-design-fee,Delaire Graff (Design Fee)
PO-LEGACY-delaire-graff-estate-entrance-lobby-passage-art,Delaire Graff Estate (Entrance Lobby & Passage Art),delaire-graff-design-fee,Delaire Graff Estate (Entrance Lobby & Passage Art)
PO-LEGACY-delaire-graff-estate-hoseki-spots,Delaire Graff Estate (Hoseki Spots),delaire-graff-design-fee,Delaire Graff Estate (Hoseki Spots)
PO-LEGACY-delaire-graff-estate-landscape-exterior,Delaire Graff Estate (Landscape & Exterior),delaire-graff-design-fee,Delaire Graff Estate (Landscape & Exterior)
PO-LEGACY-delaire-graff-estate-owners-villa-fittings,Delaire Graff Estate (Owners Villa Fittings),delaire-graff-design-fee,Delaire Graff Estate (Owners Villa Fittings)
PO-LEGACY-delaire-graff-estate-owners-villa-picture-light,Delaire Graff Estate (Owners Villa Picture Light),delaire-graff-design-fee,Delaire Graff Estate (Owners Villa Picture Light)
PO-LEGACY-delaire-graff-estate-owners-villa-track-spots,Britz,britz,Britz
PO-LEGACY-delaire-graff-estate-passage-track-driver-faulty-replacement,Delaire Graff Estate (Passage Track Driver) Faulty replacement,delaire-graff-design-fee,Delaire Graff Estate (Passage Track Driver) Faulty replacement
PO-LEGACY-delaire-graff-estate-replacement-garden-pot-driver,Delaire Graff Estate (Replacement Garden Pot Driver),delaire-graff-design-fee,Delaire Graff Estate (Replacement Garden Pot Driver)
PO-LEGACY-delaire-graff-estate-replacement-track-lights,Delaire Graff Estate (Replacement Track Lights),delaire-graff-design-fee,Delaire Graff Estate (Replacement Track Lights)
PO-LEGACY-delaire-graff-estate-replacement-wine-lounge-track-driver,Delaire Graff Estate (Replacement Wine Lounge track Driver),delaire-graff-design-fee,Delaire Graff Estate (Replacement Wine Lounge track Driver)
PO-LEGACY-delaire-graff-estate-retail-area,Delaire Graff Estate (Retail Area),delaire-graff-design-fee,Delaire Graff Estate (Retail Area)
PO-LEGACY-delaire-graff-general-lighting-attic-stock,Delaire Graff (General Lighting) (Attic Stock),delaire-graff-design-fee,Delaire Graff (General Lighting) (Attic Stock)
PO-LEGACY-delaire-graff-general-lightingfirst-order,Delaire Graff (General Lighting)(First Order),delaire-graff-design-fee,Delaire Graff (General Lighting)(First Order)
PO-LEGACY-delaire-graff-general-lightingfirst-order-final-revised-order,Delaire Graff (General Lighting)(First Order) - Final Revised Order,delaire-graff-design-fee,Delaire Graff (General Lighting)(First Order) - Final Revised Order
PO-LEGACY-delaire-graff-general-lightingsecond-order,Delaire Graff (General Lighting)(Second Order),delaire-graff-design-fee,Delaire Graff (General Lighting)(Second Order)
PO-LEGACY-delaire-graff-general-lightingsecond-order-final-revised-order,Delaire Graff (General Lighting)(Second Order) - Final Revised Order,delaire-graff-design-fee,Delaire Graff (General Lighting)(Second Order) - Final Revised Order
PO-LEGACY-delaire-graff-general-lightingthird-order-final-revised-order,Delaire Graff (General Lighting)(Third Order) - Final Revised Order,delaire-graff-design-fee,Delaire Graff (General Lighting)(Third Order) - Final Revised Order
PO-LEGACY-delaire-graff-joinery-extrasvitrine-display-case,Delaire Graff (Joinery Extras)(Vitrine Display Case),delaire-graff-design-fee,Delaire Graff (Joinery Extras)(Vitrine Display Case)
PO-LEGACY-delaire-graff-ledjoinery-extras,Delaire Graff (LED)(Joinery Extras),delaire-graff-design-fee,Delaire Graff (LED)(Joinery Extras)
PO-LEGACY-delaire-graff-new-area-design-fee-phase-3,Delaire Graff (New Area Design Fee )(Phase 3),delaire-graff-design-fee,Delaire Graff (New Area Design Fee )(Phase 3)
PO-LEGACY-delaire-graff-new-area-fine-dining-restaurantwine-cellar,Delaire Graff New area (Fine dining restaurant/wine cellar),delaire-graff-design-fee,Delaire Graff New area (Fine dining restaurant/wine cellar)
PO-LEGACY-delaire-graff-spa-pool,Delaire Graff Spa pool,delaire-graff-design-fee,Delaire Graff Spa pool
PO-LEGACY-den-dulk-botmaskop-design-fee,Den Dulk - Botmaskop (Design Fee),den-dulk-botmaskop-design-fee,Den Dulk - Botmaskop (Design Fee)
PO-LEGACY-dents-electrical-steenberg-golf-estate-focs,Dents Electrical (Steenberg Golf Estate) (FOCs),dents-electrical-steenberg-golf-estate-focs,Dents Electrical (Steenberg Golf Estate) (FOCs)
PO-LEGACY-ewerd-brand-garden-spike-lightsoption-1,Ewerd Brand (Garden Spike Lights)(Option 1),ewerd-brand-garden-spike-lightsoption-1,Ewerd Brand (Garden Spike Lights)(Option 1)
PO-LEGACY-ewerd-brand-garden-spike-lightsoption-2,Ewerd Brand (Garden Spike Lights)(Option 2),ewerd-brand-garden-spike-lightsoption-1,Ewerd Brand (Garden Spike Lights)(Option 2)
PO-LEGACY-faf-du-plessis-replacement-driver,Faf Du Plessis (Replacement Driver),faf-du-plessis-replacement-driver,Faf Du Plessis (Replacement Driver)
PO-LEGACY-faf-du-plessis-replacement-gu10-lamp,Faf Du Plessis (Replacement GU10 Lamp),faf-du-plessis-replacement-driver,Faf Du Plessis (Replacement GU10 Lamp)
PO-LEGACY-fillemon-general-lighting,Fillemon (General Lighting),fillemon-general-lighting,Fillemon (General Lighting)
PO-LEGACY-final-shihaam-nandos-fourways-ceiling-and-joinery-led-2210,Final Shihaam - Nando's Fourways (Ceiling and Joinery LED) - 22/10,final-shihaam-nandos-fourways-ceiling-and-joinery-led-2210,Final Shihaam - Nando's Fourways (Ceiling and Joinery LED) - 22/10
PO-LEGACY-fir-road-ceiling-joinery-led,Fir Road (Ceiling & Joinery LED),fir-road-ceiling-joinery-led,Fir Road (Ceiling & Joinery LED)
PO-LEGACY-fir-road-general-lighting,Fir Road (General Lighting),fir-road-ceiling-joinery-led,Fir Road (General Lighting)
PO-LEGACY-first-fix-only-sissou-architectural-lightingstd-track,FIRST FIX ONLY - Sissou (Architectural Lighting)(STD Track),first-fix-only-sissou-architectural-lightingstd-track,FIRST FIX ONLY - Sissou (Architectural Lighting)(STD Track)
PO-LEGACY-foxcraft-decorative-pendant,Foxcraft (Decorative Pendant),foxcraft-decorative-pendant,Foxcraft (Decorative Pendant)
PO-LEGACY-foxcroft-art-spots,Foxcroft (Art Spots),foxcroft-art-spots,Foxcroft (Art Spots)
PO-LEGACY-fyn-boschendal-confirmed-fittings,"Fyn - Boschendal (Confirmed Fittings)
",fyn-boschendal-confirmed-fittings,"Fyn - Boschendal (Confirmed Fittings)
"
PO-LEGACY-gallery-made,Gallery (MADE),gallery-made,Gallery (MADE)
PO-LEGACY-goldstein-general-lighting-phase-2,Goldstein,goldstein-general-lighting-phase-2,Goldstein
PO-LEGACY-goldstein-led-driversextras,Goldstein,goldstein-general-lighting-phase-2,Goldstein
PO-LEGACY-goldstein-led-for-braai-shelf,Goldstein,goldstein-general-lighting-phase-2,Goldstein
PO-LEGACY-gouws-design-fee,Gouws (Design Fee),gouws-design-fee,Gouws (Design Fee)
PO-LEGACY-grobler-exterior-wall-lights,Grobler (Exterior Wall Lights),grobler-exterior-wall-lights,Grobler (Exterior Wall Lights)
PO-LEGACY-gyni-spotlight,Gyni (Spotlight),gyni-spotlight,Gyni (Spotlight)
PO-LEGACY-h29-mauritius-design-fee,H29 - Mauritius (Design Fee),h29-mauritius-design-fee,H29 - Mauritius (Design Fee)
PO-LEGACY-h8-mauritius-design-fee,H8 - Mauritius (Design Fee),h8-mauritius-design-fee,H8 - Mauritius (Design Fee)
PO-LEGACY-harbich-bic-led-library,Harbich (Bic LED) (Library),harbich-bic-led-library,Harbich (Bic LED) (Library)
PO-LEGACY-harbich-bic-led-main-bedroomassembly-fee,Harbich (Bic LED) (Main Bedroom)(Assembly Fee),harbich-bic-led-library,Harbich (Bic LED) (Main Bedroom)(Assembly Fee)
PO-LEGACY-harbich-bic-leds-main-bedroom-dressing-room,"Harbich (Bic Leds) (Main Bedroom, Dressing Room)",harbich-bic-led-library,"Harbich (Bic Leds) (Main Bedroom, Dressing Room)"
PO-LEGACY-harbich-bic-leds-phase-2,Harbich (Bic Leds) (Phase 2),harbich-bic-led-library,Harbich (Bic Leds) (Phase 2)
PO-LEGACY-harbich-boh-cupboard-joinery-led,Harbich (BOH Cupboard Joinery LED),harbich-bic-led-library,Harbich (BOH Cupboard Joinery LED)
PO-LEGACY-harbich-boh-cupboard-joinery-led-assembly,Harbich (BOH Cupboard Joinery LED - Assembly),harbich-bic-led-library,Harbich (BOH Cupboard Joinery LED - Assembly)
PO-LEGACY-harbich-boma-led-lighting,Harbich (Boma LED Lighting),harbich-bic-led-library,Harbich (Boma LED Lighting)
PO-LEGACY-harbich-dresser-wall-lights,Harbich (Dresser Wall Lights),harbich-bic-led-library,Harbich (Dresser Wall Lights)
PO-LEGACY-harbich-general-lighting-extras,Harbich (General Lighting Extras),harbich-bic-led-library,Harbich (General Lighting Extras)
PO-LEGACY-harbich-joinery-ledextras,Harbich (Joinery LED)(Extras),harbich-bic-led-library,Harbich (Joinery LED)(Extras)
PO-LEGACY-harbich-joinery-ledextrasassembly-fee,Harbich (Joinery LED)(Extras)(Assembly Fee),harbich-bic-led-library,Harbich (Joinery LED)(Extras)(Assembly Fee)
PO-LEGACY-harbich-lgf-lighting,Harbich (LGF Lighting),harbich-bic-led-library,Harbich (LGF Lighting)
PO-LEGACY-harbich-track-connectors,Harbich (Track Connectors),harbich-bic-led-library,Harbich (Track Connectors)
PO-LEGACY-haydn-ellis-wall-lights,Haydn Ellis (Wall Lights),haydn-ellis-wall-lights,Haydn Ellis (Wall Lights)
PO-LEGACY-head-office-upgrades-made,Head Office Upgrades (MADE),head-office-upgrades-made,Head Office Upgrades (MADE)
PO-LEGACY-head-rd-deville-joinery-led,Head Rd (Deville Joinery Led),head-rd-deville-joinery-led,Head Rd (Deville Joinery Led)
PO-LEGACY-head-rd-deville-joinery-ledextras-1,Head Rd (Deville Joinery LED)(Extras 1),head-rd-deville-joinery-ledextras-1,Head Rd (Deville Joinery LED)(Extras 1)
PO-LEGACY-head-rd-general-lighting-extras-1,Head Rd (General Lighting) (Extras 1),head-rd-deville-joinery-ledextras-1,Head Rd (General Lighting) (Extras 1)
PO-LEGACY-head-rd-led-lighting,Head Rd (LED Lighting),head-rd-deville-joinery-ledextras-1,Head Rd (LED Lighting)
PO-LEGACY-head-rd-led-lightingextras,Head Rd (LED Lighting)(Extras),head-rd-deville-joinery-ledextras-1,Head Rd (LED Lighting)(Extras)
PO-LEGACY-head-road-general-lighting,Head Road (General Lighting),head-rd-deville-joinery-ledextras-1,Head Road (General Lighting)
PO-LEGACY-head-road-led,Head Road (Led),head-rd-deville-joinery-ledextras-1,Head Road (Led)
PO-LEGACY-hely-helga-cabinet-lights,Hely Helga (Cabinet Lights),hely-helga-cabinet-lights,Hely Helga (Cabinet Lights)
PO-LEGACY-hely-helga-downlights,Hely Helga (Downlights),hely-helga-cabinet-lights,Hely Helga (Downlights)
PO-LEGACY-hickman-general-light-downlights,Hickman (General Light) (Downlights),hickman-general-light-downlights,Hickman (General Light) (Downlights)
PO-LEGACY-higgo-road-driver-extras,Higgo Road (Driver Extras),higgo-road-driver-extras,Higgo Road (Driver Extras)
PO-LEGACY-hotel-amalfi-mock-up-room-door-signage-led,Hotel Amalfi - Mock up room (Door Signage LED),hotel-amalfi-mock-up-room-door-signage-led,Hotel Amalfi - Mock up room (Door Signage LED)
PO-LEGACY-house-a-decorative-picture-light,House A (Decorative Picture Light),house-a-decorative-picture-light,House A (Decorative Picture Light)
PO-LEGACY-house-a-general-lightingextra-lamps,House A (General Lighting)(Extra Lamps),house-a-decorative-picture-light,House A (General Lighting)(Extra Lamps)
PO-LEGACY-house-bastiaan-koster-new-bollards,House Bastiaan Koster (New Bollards),house-bastiaan-koster-new-bollards,House Bastiaan Koster (New Bollards)
PO-LEGACY-house-bastiaan-koster-serviced-bollards,House Bastiaan Koster (Serviced Bollards),house-bastiaan-koster-new-bollards,House Bastiaan Koster (Serviced Bollards)
PO-LEGACY-house-botha-ceiling-led,House Botha (Ceiling LED),house-botha-fibre-lighting-professional,House Botha (Ceiling LED)
PO-LEGACY-house-botha-decorative-lighting,House Botha (Decorative Lighting),house-botha-fibre-lighting-professional,House Botha (Decorative Lighting)
PO-LEGACY-house-botha-entrance-dining,House Botha (Entrance & Dining),house-botha-fibre-lighting-professional,House Botha (Entrance & Dining)
PO-LEGACY-house-botha-fibre-lighting-professional,House Botha - Fibre Lighting (Professional),house-botha-fibre-lighting-professional,House Botha - Fibre Lighting (Professional)
PO-LEGACY-house-botha-garage-downlights-new,House Botha (Garage Downlights) NEW,house-botha-fibre-lighting-professional,House Botha (Garage Downlights) NEW
PO-LEGACY-house-botha-garage-leds-downlights,House Botha (Garage LEDS & Downlights),house-botha-fibre-lighting-professional,House Botha (Garage LEDS & Downlights)
PO-LEGACY-house-botha-joinery-led-basement,House Botha (Joinery LED) - BASEMENT,house-botha-fibre-lighting-professional,House Botha (Joinery LED) - BASEMENT
PO-LEGACY-house-botha-joinery-led-first-floor,House Botha (Joinery LED) - FIRST FLOOR,house-botha-fibre-lighting-professional,House Botha (Joinery LED) - FIRST FLOOR
PO-LEGACY-house-botha-joinery-led-ground-floor,House Botha (Joinery LED) - GROUND FLOOR,house-botha-fibre-lighting-professional,House Botha (Joinery LED) - GROUND FLOOR
PO-LEGACY-house-botha-joinery-led-laundry-cottage,House Botha (Joinery LED) - LAUNDRY & COTTAGE,house-botha-fibre-lighting-professional,House Botha (Joinery LED) - LAUNDRY & COTTAGE
PO-LEGACY-house-botha-new-decorative-,House Botha (New Decorative ),house-botha-fibre-lighting-professional,House Botha (New Decorative )
PO-LEGACY-house-cooper-replacements,House Cooper (Replacements),house-cooper-replacements,House Cooper (Replacements)
PO-LEGACY-house-de-klerk-design-proposal,House De Klerk (Design Proposal),house-de-klerk-design-proposal,House De Klerk (Design Proposal)
PO-LEGACY-house-fleming-architectural-lighting,House Fleming (Architectural Lighting),house-fleming-architectural-lighting,House Fleming (Architectural Lighting)
PO-LEGACY-house-fleming-ceiling-step-joinery-niche-led-lighting,"House Fleming (Ceiling, Step, Joinery & Niche Led Lighting)",house-fleming-architectural-lighting,"House Fleming (Ceiling, Step, Joinery & Niche Led Lighting)"
PO-LEGACY-house-fleming-consultation-fee,House Fleming (Consultation Fee),house-fleming-architectural-lighting,House Fleming (Consultation Fee)
PO-LEGACY-house-fleming-exterior-landscape-lighting,House Fleming (Exterior & Landscape Lighting),house-fleming-architectural-lighting,House Fleming (Exterior & Landscape Lighting)
PO-LEGACY-house-harbich-plugs-updated,House Harbich (Plugs Updated),house-harbich-plugs-updated,House Harbich (Plugs Updated)
PO-LEGACY-house-koekemoer,House Koekemoer,house-koekemoer,House Koekemoer
PO-LEGACY-house-kooi-general-lighting,House Kooi (General Lighting),house-kooi-home-automation-switching-option-2,House Kooi (General Lighting)
PO-LEGACY-house-kooi-home-automation-switching-option-1,House Kooi (Home Automation & Switching) (Option 1),house-kooi-home-automation-switching-option-2,House Kooi (Home Automation & Switching) (Option 1)
PO-LEGACY-house-kooi-home-automation-switching-option-2,House Kooi - Home Automation & Switching (Option 2),house-kooi-home-automation-switching-option-2,House Kooi - Home Automation & Switching (Option 2)
PO-LEGACY-house-kooi-led-strips,House Kooi (LED Strips),house-kooi-home-automation-switching-option-2,House Kooi (LED Strips)
PO-LEGACY-house-kooi-sockets-option-1,House Kooi (Sockets) (Option 1),house-kooi-home-automation-switching-option-2,House Kooi (Sockets) (Option 1)
PO-LEGACY-house-kooi-sockets-option-2,House Kooi (Sockets) (Option 2),house-kooi-home-automation-switching-option-2,House Kooi (Sockets) (Option 2)
PO-LEGACY-house-kubili-ceiling-led-lighting,House Kubili (Ceiling LED Lighting),house-kubili-ceiling-led-lighting,House Kubili (Ceiling LED Lighting)
PO-LEGACY-house-kubili-general-lighting,House Kubili (General Lighting),house-kubili-ceiling-led-lighting,House Kubili (General Lighting)
PO-LEGACY-house-kubili-joinery-led-lighting,House Kubili (Joinery LED Lighting),house-kubili-ceiling-led-lighting,House Kubili (Joinery LED Lighting)
PO-LEGACY-house-loy-decorative-lighting,House Loy (Decorative Lighting),house-loy-decorative-lighting,House Loy (Decorative Lighting)
PO-LEGACY-house-loy-extra-driver,House Loy (Extra Driver),house-loy-decorative-lighting,House Loy (Extra Driver)
PO-LEGACY-house-loy-ledextras1,House Loy (LED)(Extras1),house-loy-decorative-lighting,House Loy (LED)(Extras1)
PO-LEGACY-house-loy-noordhoek-design-fees,House Loy (Noordhoek) - Design Fees,house-loy-decorative-lighting,House Loy (Noordhoek) - Design Fees
PO-LEGACY-house-madden-bedside-replacement,House Madden (Bedside Replacement),house-madden-bedside-replacement,House Madden (Bedside Replacement)
PO-LEGACY-house-meershoek-consultation-fee,House Meershoek (Consultation Fee),house-meershoek-general-lighting-extra-footlights,House Meershoek (Consultation Fee)
PO-LEGACY-house-meershoek-extra-art-spot-drivers,House Meershoek (Extra Art Spot Drivers),house-meershoek-general-lighting-extra-footlights,House Meershoek (Extra Art Spot Drivers)
PO-LEGACY-house-meershoek-extra-downlights,House Meershoek (Extra Downlights),house-meershoek-general-lighting-extra-footlights,House Meershoek (Extra Downlights)
PO-LEGACY-house-meershoek-extra-exterior-wall-lights,House Meershoek (Extra Exterior Wall Lights),house-meershoek-general-lighting-extra-footlights,House Meershoek (Extra Exterior Wall Lights)
PO-LEGACY-house-meershoek-general-lighting,House Meershoek (General Lighting),house-meershoek-general-lighting-extra-footlights,House Meershoek (General Lighting)
PO-LEGACY-house-meershoek-general-lighting-extra-footlights,House Meershoek - General Lighting (Extra Footlights),house-meershoek-general-lighting-extra-footlights,House Meershoek - General Lighting (Extra Footlights)
PO-LEGACY-house-meershoek-lantern-glass-tubereplacement,House Meershoek (Lantern Glass Tube)(Replacement),house-meershoek-general-lighting-extra-footlights,House Meershoek (Lantern Glass Tube)(Replacement)
PO-LEGACY-house-meershoek-track-light-extra,House Meershoek (Track Light Extra),house-meershoek-general-lighting-extra-footlights,House Meershoek (Track Light Extra)
PO-LEGACY-house-of-kitchens-general-lighting-footlights,House Of Kitchens - General Lighting (Footlights),house-of-kitchens-general-lighting-footlights,House Of Kitchens - General Lighting (Footlights)
PO-LEGACY-house-of-kitchens-hide-spotlights,House Of Kitchens (Hide Spotlights),house-of-kitchens-general-lighting-footlights,House Of Kitchens (Hide Spotlights)
PO-LEGACY-house-of-kitchens-osprey-spotlights,House Of Kitchens - Osprey (Spotlights),house-of-kitchens-general-lighting-footlights,House Of Kitchens - Osprey (Spotlights)
PO-LEGACY-house-of-kitchens-suspended-track-system,House Of Kitchens (Suspended Track System),house-of-kitchens-general-lighting-footlights,House Of Kitchens (Suspended Track System)
PO-LEGACY-house-patel-architectural-lighting,House Patel (Architectural Lighting),house-patel-architectural-lighting,House Patel (Architectural Lighting)
PO-LEGACY-house-patel-architectural-lighting-extra-lamps,House Patel (Architectural Lighting) (Extra Lamps),house-patel-architectural-lighting,House Patel (Architectural Lighting) (Extra Lamps)
PO-LEGACY-house-patel-decorative-chandelier,House Patel (Decorative Chandelier),house-patel-architectural-lighting,House Patel (Decorative Chandelier)
PO-LEGACY-house-patel-general-lighting-extras-1,House Patel (General Lighting) (Extras 1),house-patel-architectural-lighting,House Patel (General Lighting) (Extras 1)
PO-LEGACY-house-patel-professional-consultation-experience,House Patel (Professional Consultation Experience),house-patel-architectural-lighting,House Patel (Professional Consultation Experience)
PO-LEGACY-house-reed-general-lighting,House Reed (General Lighting),house-reed-general-lighting,House Reed (General Lighting)
PO-LEGACY-house-reed-landscape-lighting,House Reed (Landscape Lighting),house-reed-general-lighting,House Reed (Landscape Lighting)
PO-LEGACY-house-reed-step-joinery-niche-led-lighting-option-1,"House Reed (Step, Joinery, Niche LED Lighting) (Option 1)",house-reed-general-lighting,"House Reed (Step, Joinery, Niche LED Lighting) (Option 1)"
PO-LEGACY-house-rewachanda-design-fee,House Rewachanda ( Design Fee),house-rewachanda-design-fee,House Rewachanda ( Design Fee)
PO-LEGACY-house-russou-ceiling-led-lighting,House Russou (Ceiling LED Lighting),house-russou-ceiling-led-lighting,House Russou (Ceiling LED Lighting)
PO-LEGACY-house-russou-general-lighting,House Russou (General Lighting),house-russou-ceiling-led-lighting,House Russou (General Lighting)
PO-LEGACY-house-saad-consultation-fee,House Saad (Consultation fee),house-saad-consultation-fee,House Saad (Consultation fee)
PO-LEGACY-house-scheufen-spare-glass,House Scheufen (Spare Glass),house-scheufen-spare-glass,House Scheufen (Spare Glass)
PO-LEGACY-house-sikwila-first-fix-interior-lighting,House Sikwila (First Fix Interior Lighting),house-sikwila-first-fix-interior-lighting,House Sikwila (First Fix Interior Lighting)
PO-LEGACY-house-sissou-decorative,House Sissou (Decorative),house-sissou-decorative,House Sissou (Decorative)
PO-LEGACY-house-sissou-design-fee,House Sissou Design Fee,house-sissou-decorative,House Sissou Design Fee
PO-LEGACY-house-van-niekerk-general-lightingextra-linear-light,House Van Niekerk (General Lighting)(Extra Linear Light),house-van-niekerk-general-lightingextra-linear-light,House Van Niekerk (General Lighting)(Extra Linear Light)
PO-LEGACY-house-velaskar-design-fee,House Velaskar  ( Design Fee),house-velaskar-design-fee,House Velaskar  ( Design Fee)
PO-LEGACY-house-whittaker-vanity-wall-lights,House Whittaker (Vanity Wall Lights),house-whittaker-vanity-wall-lights,House Whittaker (Vanity Wall Lights)
PO-LEGACY-hove-road-downlighters,Hove Road (Downlighters),hove-road-downlighters,Hove Road (Downlighters)
PO-LEGACY-hove-road-suspended-track-pendant,Hove Road (Suspended Track Pendant),hove-road-downlighters,Hove Road (Suspended Track Pendant)
PO-LEGACY-ina-paarmans-kitchen-general-lighting,Ina Paarmans Kitchen (General Lighting),ina-paarmans-kitchen-general-lighting-above-kitchen-counter,Ina Paarmans Kitchen (General Lighting)
PO-LEGACY-ina-paarmans-kitchen-general-lighting-above-kitchen-counter,Ina Paarmans Kitchen - General Lighting (Above Kitchen Counter),ina-paarmans-kitchen-general-lighting-above-kitchen-counter,Ina Paarmans Kitchen - General Lighting (Above Kitchen Counter)
PO-LEGACY-ina-paarmans-kitchen-joinery-led,Ina Paarmans Kitchen (Joinery LED),ina-paarmans-kitchen-general-lighting-above-kitchen-counter,Ina Paarmans Kitchen (Joinery LED)
PO-LEGACY-ina-paarmans-kitchen-joinery-led-display-shelves,Ina Paarmans Kitchen (Joinery LED) (Display Shelves),ina-paarmans-kitchen-general-lighting-above-kitchen-counter,Ina Paarmans Kitchen (Joinery LED) (Display Shelves)
PO-LEGACY-irvine-decorative-lampsreplacement,Irvine (Decorative Lamps)(Replacement),irvine-decorative-lampsreplacement,Irvine (Decorative Lamps)(Replacement)
PO-LEGACY-jlp-harrington-design-fee,JLP Harrington (Design Fee),jlp-harrington-design-fee,JLP Harrington (Design Fee)
PO-LEGACY-johan-basson-decorative-lighting,Johan Basson (Decorative Lighting),johan-basson-decorative-lighting,Johan Basson (Decorative Lighting)
PO-LEGACY-kalahari-design-fee,Kalahari Design Fee,kalahari-general-lighting-inground,Kalahari Design Fee
PO-LEGACY-kalahari-dining-feature-light-made,Kalahari (Dining  Feature Light) (MADE),kalahari-general-lighting-inground,Kalahari (Dining  Feature Light) (MADE)
PO-LEGACY-kalahari-extra-required-fittings,Kalahari (Extra Required Fittings),kalahari-general-lighting-inground,Kalahari (Extra Required Fittings)
PO-LEGACY-kalahari-general-lightingbeam-spreader,Kalahari (General Lighting)(Beam Spreader),kalahari-general-lighting-inground,Kalahari (General Lighting)(Beam Spreader)
PO-LEGACY-kalahari-general-lighting-inground,Kalahari - General Lighting (Inground),kalahari-general-lighting-inground,Kalahari - General Lighting (Inground)
PO-LEGACY-kalahari-guest-villas-joinery-led-part-1,Kalahari Guest Villas (Joinery LED) - PART 1,kalahari-general-lighting-inground,Kalahari Guest Villas (Joinery LED) - PART 1
PO-LEGACY-kalahari-items-airfright,Kalahari - Items AirFright,kalahari-general-lighting-inground,Kalahari - Items AirFright
PO-LEGACY-kalahari-main-house-wall-lightsextras,Kalahari Main House (Wall Lights)(Extras),kalahari-general-lighting-inground,Kalahari Main House (Wall Lights)(Extras)
PO-LEGACY-kalahari-native-dali-driver,Kalahari (Native DALI Driver),kalahari-general-lighting-inground,Kalahari (Native DALI Driver)
PO-LEGACY-kalahari-required-fittings-extras-2,Kalahari (Required Fittings) (Extras 2),kalahari-general-lighting-inground,Kalahari (Required Fittings) (Extras 2)
PO-LEGACY-kalahari-required-fittings-extras-3,Kalahari (Required Fittings) (Extras 3),kalahari-general-lighting-inground,Kalahari (Required Fittings) (Extras 3)
PO-LEGACY-kalahari-return-stock,Kalahari - Return Stock,kalahari-general-lighting-inground,Kalahari - Return Stock
PO-LEGACY-kim-stephen-interiors-general-lighting,Kim Stephen interiors (General Lighting),kim-stephen-interiors-general-lighting-no-sleeve,Kim Stephen interiors (General Lighting)
PO-LEGACY-kim-stephen-interiors-general-lighting-no-sleeve,Kim Stephen interiors - General Lighting (No Sleeve),kim-stephen-interiors-general-lighting-no-sleeve,Kim Stephen interiors - General Lighting (No Sleeve)
PO-LEGACY-koser-est-port-design-fee,Koser EST Port. Design Fee,koser-est-port-design-fee,Koser EST Port. Design Fee
PO-LEGACY-kubili-house-decorative,Kubili House (Decorative),kubili-house-design-fee,Kubili House (Decorative)
PO-LEGACY-kubili-house-design-fee,Kubili House - Design Fee,kubili-house-design-fee,Kubili House - Design Fee
PO-LEGACY-kubili-house-gym-led,Kubili House (Gym LED),kubili-house-design-fee,Kubili House (Gym LED)
PO-LEGACY-leeukoppie-31-design-fee,LeeuKoppie 31 (Design Fee),leeukoppie-31-design-fee,LeeuKoppie 31 (Design Fee)
PO-LEGACY-loy-led,Loy (LED),loy-led,Loy (LED)
PO-LEGACY-lualdi-showroom-design-fee,LUALDI Showroom (Design Fee),lualdi-showroom-design-fee,LUALDI Showroom (Design Fee)
PO-LEGACY-luminary-lamp-accessories,Luminary (Lamp Accessories),luminary-lamp-accessories,Luminary (Lamp Accessories)
PO-LEGACY-luminary-track-componentsextras,Luminary (Track Components)(Extras),luminary-lamp-accessories,Luminary (Track Components)(Extras)
PO-LEGACY-lunn-replacement-lamps,Lunn (Replacement Lamps),lunn-replacement-lamps,Lunn (Replacement Lamps)
PO-LEGACY-lunn-replacements,Lunn (Replacements),lunn-replacement-lamps,Lunn (Replacements)
PO-LEGACY-luxeline-sharl-wasserfall-1-to-1-product-gifts-candle-and-table-lamp-for-leds-c4,Luxeline - Sharl Wasserfall (1-TO-1 Product Gifts) (Candle and Table Lamp) For LEDS C4,luxeline-sharl-wasserfall-1-to-1-product-gifts-candle-and-table-lamp-for-leds-c4,Luxeline - Sharl Wasserfall (1-TO-1 Product Gifts) (Candle and Table Lamp) For LEDS C4
PO-LEGACY-madden-vanity-downlighters,Madden (Vanity Downlighters),madden-vanity-downlighters,Madden (Vanity Downlighters)
PO-LEGACY-made-dge-brackets,MADE : DGE Brackets,made-dge-brackets,MADE : DGE Brackets
PO-LEGACY-made-dge-magnetic-accessory,MADE : DGE (Magnetic Accessory),made-dge-magnetic-accessory,MADE : DGE (Magnetic Accessory)
PO-LEGACY-made-kalahari-flexiled-light-shield,MADE : Kalahari (Flexiled Light Shield),made-kalahari-flexiled-light-shield,MADE : Kalahari (Flexiled Light Shield)
PO-LEGACY-made-kalahari-md,MADE : Kalahari - MD,made-kalahari-md,MADE : Kalahari - MD
PO-LEGACY-made-kenya,MADE : Kenya,made-kenya,MADE : Kenya
PO-LEGACY-made-nettleton-brackets,MADE : Nettleton Brackets,made-nettleton-brackets,MADE : Nettleton Brackets
PO-LEGACY-made-nettleton-track-cover-plate,MADE : Nettleton Track / Cover Plate,made-nettleton-track-cover-plate,MADE : Nettleton Track / Cover Plate
PO-LEGACY-made-pt-her-aroeir-lounge-ceiling-light-portugal,MADE : PT HER AROEIR - Lounge Ceiling Light (Portugal),made-pt-her-aroeir-lounge-ceiling-light-portugal,MADE : PT HER AROEIR - Lounge Ceiling Light (Portugal)
PO-LEGACY-made-quay-7-ballroom-feature-light,MADE : Quay 7 (Ballroom Feature Light),made-quay-7-ballroom-feature-light,MADE : Quay 7 (Ballroom Feature Light)
PO-LEGACY-made-singita-bats,MADE : Singita BATS,made-singita-bats,MADE : Singita BATS
PO-LEGACY-made-singita-quaggas,MADE : Singita Quagga's,made-singita-quaggas,MADE : Singita Quagga's
PO-LEGACY-made-waters-edge-top-hat-costing,MADE : Waters Edge - Top Hat Costing,made-waters-edge-top-hat-costing,MADE : Waters Edge - Top Hat Costing
PO-LEGACY-made-wilsworth-flexiled-reading-lights,MADE : Wilsworth (Flexiled Reading Lights),made-wilsworth-flexiled-reading-lights,MADE : Wilsworth (Flexiled Reading Lights)
PO-LEGACY-mantyla-general-lighting,Mantyla (General Lighting),mantyla-general-lighting,Mantyla (General Lighting)
PO-LEGACY-mathewson-general-lighting,Mathewson (General Lighting),mathewson-general-lighting,Mathewson (General Lighting)
PO-LEGACY-md-led-lighting,MD - LED Lighting,md-led-lighting,MD - LED Lighting
PO-LEGACY-mountain-house-ceiling-led,Mountain House (Ceiling LED),mountain-house-ceiling-led,Mountain House (Ceiling LED)
PO-LEGACY-mountain-house-decorative-lighting,Mountain House (Decorative Lighting),mountain-house-ceiling-led,Mountain House (Decorative Lighting)
PO-LEGACY-mountain-house-general-lighting,Mountain House (General Lighting),mountain-house-ceiling-led,Mountain House (General Lighting)
PO-LEGACY-mountain-house-noordhoek-beatty-vermeiren-architects-consultation-fee,Mountain House Noordhoek (Beatty Vermeiren Architects) - Consultation Fee,mountain-house-ceiling-led,Mountain House Noordhoek (Beatty Vermeiren Architects) - Consultation Fee
PO-LEGACY-muirfield-ave-design,Muirfield Ave ( Design),muirfield-ave-design,Muirfield Ave ( Design)
PO-LEGACY-muirfield-ave-product,Muirfield Ave ( Product),muirfield-ave-design,Muirfield Ave ( Product)
PO-LEGACY-namibia-footlights,Namibia (Footlights),namibia-footlights,Namibia (Footlights)
PO-LEGACY-nandos-blueprint-design-fee,Nando's Blueprint - Design Fee,nandos-blueprint-design-fee,Nando's Blueprint - Design Fee
PO-LEGACY-nandos-central-kitchen-new-work-stations,Nando's Central Kitchen (New Work Stations),nandos-central-kitchen-new-work-stations,Nando's Central Kitchen (New Work Stations)
PO-LEGACY-nandos-fourways-downlights,Nando's Fourways (Downlights),final-shihaam-nandos-fourways-ceiling-and-joinery-led-2210,Nando's Fourways (Downlights)
PO-LEGACY-nandos-fourways-emergency-lights,Nando's Fourways ( emergency lights),final-shihaam-nandos-fourways-ceiling-and-joinery-led-2210,Nando's Fourways ( emergency lights)
PO-LEGACY-nandos-head-office-nano-spots-extras,Nando's Head Office (Nano Spots) (Extras),nandos-head-office-nano-spots-extras,Nando's Head Office (Nano Spots) (Extras)
PO-LEGACY-nandos-stellenbosch-boh-kitchen-downlights-option-1,Nando's Stellenbosch (BOH Kitchen Downlights) - Option 1,nandos-stellenbosch-boh-kitchen-downlights-option-1,Nando's Stellenbosch (BOH Kitchen Downlights) - Option 1
PO-LEGACY-nandos-stellenbosch-boh-kitchen-downlights-option-2,Nando's Stellenbosch (BOH Kitchen Downlights) - Option 2,nandos-stellenbosch-boh-kitchen-downlights-option-1,Nando's Stellenbosch (BOH Kitchen Downlights) - Option 2
PO-LEGACY-nandos-stellenbosch-ceiling-led,Nando's Stellenbosch (Ceiling LED),nandos-stellenbosch-boh-kitchen-downlights-option-1,Nando's Stellenbosch (Ceiling LED)
PO-LEGACY-nandos-stellenbosch-interior-architectural-lighting,Nandos Stellenbosch (Interior Architectural Lighting),nandos-stellenbosch-interior-architectural-lighting,Nandos Stellenbosch (Interior Architectural Lighting)
PO-LEGACY-nandos-stellenbosch-joinery-led,Nando's Stellenbosch (Joinery LED),nandos-stellenbosch-boh-kitchen-downlights-option-1,Nando's Stellenbosch (Joinery LED)
PO-LEGACY-nandos-stellenbosch-landscape-lightingcustom-colour-rev-04,Nando's Stellenbosch (Landscape Lighting)(Custom Colour) - REV 04,nandos-stellenbosch-boh-kitchen-downlights-option-1,Nando's Stellenbosch (Landscape Lighting)(Custom Colour) - REV 04
PO-LEGACY-nandos-stellenbosch-pendant-speaker,Nando's Stellenbosch (Pendant speaker),nandos-stellenbosch-boh-kitchen-downlights-option-1,Nando's Stellenbosch (Pendant speaker)
PO-LEGACY-nandos-stellenbosch-restaurant-3x-site-visit-fee,Nando's Stellenbosch Restaurant (3x Site Visit Fee),nandos-stellenbosch-boh-kitchen-downlights-option-1,Nando's Stellenbosch Restaurant (3x Site Visit Fee)
PO-LEGACY-nandos-tygervalley-design-fee,Nando's Tygervalley (Design Fee),nandos-tygervalley-design-fee,Nando's Tygervalley (Design Fee)
PO-LEGACY-nettleton-16,Nettleton 16,nettleton-16,Nettleton 16
PO-LEGACY-nettleton-16-220v-dali-relays,Nettleton 16 (220V-DALI Relays),nettleton-16,Nettleton 16 (220V-DALI Relays)
PO-LEGACY-nettleton-16-bollard-plinths,Nettleton 16 (Bollard Plinths),nettleton-16,Nettleton 16 (Bollard Plinths)
PO-LEGACY-nettleton-16-bracket-design-labour,Nettleton 16 (Bracket Design & Labour),nettleton-16,Nettleton 16 (Bracket Design & Labour)
PO-LEGACY-nettleton-16-ceiling-led,Nettleton 16 (Ceiling LED),nettleton-16,Nettleton 16 (Ceiling LED)
PO-LEGACY-nettleton-16-dining-room-bic-black-led,Nettleton 16 (Dining Room BIC Black LED),nettleton-16,Nettleton 16 (Dining Room BIC Black LED)
PO-LEGACY-nettleton-16-exterior-balance-lighting,Nettleton 16 (Exterior & Balance Lighting),nettleton-16,Nettleton 16 (Exterior & Balance Lighting)
PO-LEGACY-nettleton-16-extra-phase-drivers,Nettleton 16 (Extra Phase Drivers),nettleton-16,Nettleton 16 (Extra Phase Drivers)
PO-LEGACY-nettleton-16-extra-spots,Nettleton 16 (Extra Spots),nettleton-16,Nettleton 16 (Extra Spots)
PO-LEGACY-nettleton-16-general-lighting-extras,Nettleton 16 (General Lighting) (Extras),nettleton-16,Nettleton 16 (General Lighting) (Extras)
PO-LEGACY-nettleton-16-general-lighting-interior-lighting,Nettleton 16 - General Lighting (Interior Lighting),nettleton-16,Nettleton 16 - General Lighting (Interior Lighting)
PO-LEGACY-nettleton-16-last-led-additions-2025,Nettleton 16 (Last LED Additions 2025),nettleton-16,Nettleton 16 (Last LED Additions 2025)
PO-LEGACY-nettleton-16-leds-and-extras,Nettleton 16 (LEDs and Extras),nettleton-16,Nettleton 16 (LEDs and Extras)
PO-LEGACY-nettleton-16-neon-flex-pool-coping-replacement,Nettleton 16 (Neon Flex Pool Coping Replacement),nettleton-16,Nettleton 16 (Neon Flex Pool Coping Replacement)
PO-LEGACY-nettleton-16-phase-dali-relays,Nettleton 16 (Phase-DALI Relays),nettleton-16,Nettleton 16 (Phase-DALI Relays)
PO-LEGACY-nettleton-16-remaining-led-areas,Nettleton 16 (Remaining LED Areas),nettleton-16,Nettleton 16 (Remaining LED Areas)
PO-LEGACY-nettleton-16-replacement-bollard,Nettleton 16 (Replacement Bollard),nettleton-16,Nettleton 16 (Replacement Bollard)
PO-LEGACY-nettleton-16-replacement-lights,Nettleton 16 (Replacement Lights),nettleton-16,Nettleton 16 (Replacement Lights)
PO-LEGACY-nettleton-16-replacement-portal-lights,Nettleton 16 (Replacement Portal Lights),nettleton-16,Nettleton 16 (Replacement Portal Lights)
PO-LEGACY-nettleton-16-replacement-re-supply-portal-lights,Nettleton 16 (Replacement & Re-Supply Portal Lights),nettleton-16,Nettleton 16 (Replacement & Re-Supply Portal Lights)
PO-LEGACY-nettleton-16-site-visit-fee,Nettleton 16 - Site Visit Fee,nettleton-16,Nettleton 16 - Site Visit Fee
PO-LEGACY-nettleton-16-track-sample-to-return,Nettleton 16 (Track Sample To Return),nettleton-16,Nettleton 16 (Track Sample To Return)
PO-LEGACY-nettleton-38-product,Nettleton 38 (Product),nettleton-38-product,Nettleton 38 (Product)
PO-LEGACY-ocean-electrical-art-spots,Ocean Electrical (Art Spots),ocean-electrical-art-spots,Ocean Electrical (Art Spots)
PO-LEGACY-og-showroom-track-spot,OG Showroom (Track Spot),og-showroom-track-spot,OG Showroom (Track Spot)
PO-LEGACY-ollewagen-design-fee,Ollewagen (Design Fee),ollewagen-design-fee,Ollewagen (Design Fee)
PO-LEGACY-omoya-hospitality-villa-design-fee,Omoya Hospitality Villa - Design Fee,omoya-hospitality-villa-design-fee,Omoya Hospitality Villa - Design Fee
PO-LEGACY-omoyo-product,Omoyo (Product),omoyo-product,Omoyo (Product)
PO-LEGACY-onrus-design-fee,Onrus (Design Fee),onrus-design-fee,Onrus (Design Fee)
PO-LEGACY-onrus-landscape-extras-3,Onrus (Landscape) (Extras 3),onrus-design-fee,Onrus (Landscape) (Extras 3)
PO-LEGACY-onrus-landscaping-phase-1,Onrus (Landscaping) Phase 1,onrus-design-fee,Onrus (Landscaping) Phase 1
PO-LEGACY-oster-switches,Oster (Switches),oster-switches,Oster (Switches)
PO-LEGACY-ovd-541-bar-led,OVD 541 (Bar LED),ovd-541-bar-led,OVD 541 (Bar LED)
PO-LEGACY-ovd-541-design-fee,OVD 541 (Design Fee),ovd-541-bar-led,OVD 541 (Design Fee)
PO-LEGACY-ovd-541-landscape-replacements,OVD 541 (Landscape Replacements),ovd-541-bar-led,OVD 541 (Landscape Replacements)
PO-LEGACY-ovd-541-ledextras-2,OVD 541 (LED)(Extras 2),ovd-541-bar-led,OVD 541 (LED)(Extras 2)
PO-LEGACY-ovd-541-replacement-inground-lights,OVD 541 (Replacement Inground Lights),ovd-541-bar-led,OVD 541 (Replacement Inground Lights)
PO-LEGACY-ovd-541-replacement-spots,OVD 541 (Replacement Spots),ovd-541-bar-led,OVD 541 (Replacement Spots)
PO-LEGACY-owloon-art-spots,Owloon (Art Spots),owloon-art-spots,Owloon (Art Spots)
PO-LEGACY-part-2-std-track-sissou-architectural-lighting,Part 2 - Std Track - Sissou (Architectural Lighting),first-fix-only-sissou-architectural-lightingstd-track,Part 2 - Std Track - Sissou (Architectural Lighting)
PO-LEGACY-patel-decorative-lighting,Patel (Decorative Lighting),patel-decorative-lighting,Patel (Decorative Lighting)
PO-LEGACY-phase-2-public-spaces-delaire-graff-site-commissioning,Phase 2- Public Spaces -Delaire Graff Site Commissioning,delaire-graff-design-fee,Phase 2- Public Spaces -Delaire Graff Site Commissioning
PO-LEGACY-phase-2-public-spaces-dgr-delaire-graff-design-fee,Phase 2- Public Spaces @ DGR Delaire Graff (Design Fee),delaire-graff-design-fee,Phase 2- Public Spaces @ DGR Delaire Graff (Design Fee)
PO-LEGACY-philip-olmesdahl-desk-lamp,Philip Olmesdahl (Desk Lamp),philip-olmesdahl-desk-lamp,Philip Olmesdahl (Desk Lamp)
PO-LEGACY-philip-olmesdahl-pringle-bay-up-and-down,Philip Olmesdahl (Pringle Bay Up and Down),philip-olmesdahl-desk-lamp,Philip Olmesdahl (Pringle Bay Up and Down)
PO-LEGACY-pinetree-crescent-architectural-led-lighting,Pinetree Crescent (Architectural & LED Lighting),pinetree-crescent-architectural-led-lighting,Pinetree Crescent (Architectural & LED Lighting)
PO-LEGACY-pinetree-crescent-decorative-pendant,Pinetree Crescent (Decorative Pendant),pinetree-crescent-architectural-led-lighting,Pinetree Crescent (Decorative Pendant)
PO-LEGACY-pinetree-crescent-landscape-lighting,Pinetree Crescent (Landscape Lighting),pinetree-crescent-architectural-led-lighting,Pinetree Crescent (Landscape Lighting)
PO-LEGACY-ramenhead-ceiling-micro-track,Ramenhead (Ceiling Micro Track),ramenhead-ceiling-micro-track,Ramenhead (Ceiling Micro Track)
PO-LEGACY-rd-led-demo-ceiling-and-joinery,R&D - LED Demo (Ceiling and Joinery),rd-led-demo-ceiling-and-joinery,R&D - LED Demo (Ceiling and Joinery)
PO-LEGACY-rd-led-demo-wellshow-led,R&D - LED Demo (Wellshow LED),rd-led-demo-wellshow-led,R&D - LED Demo (Wellshow LED)
PO-LEGACY-reid-exterior-downlighters,Reid (Exterior Downlighters),reid-exterior-downlighters,Reid (Exterior Downlighters)
PO-LEGACY-reid-exterior-downlightersextras-1,Reid (Exterior Downlighters)(Extras 1),reid-exterior-downlighters,Reid (Exterior Downlighters)(Extras 1)
PO-LEGACY-reid-exterior-downlightersextras-2,Reid (Exterior Downlighters)(Extras 2),reid-exterior-downlighters,Reid (Exterior Downlighters)(Extras 2)
PO-LEGACY-reid-general-lighting-driveway-led-staff-quarters,Reid (General Lighting) (Driveway Led & Staff Quarters),reid-exterior-downlighters,Reid (General Lighting) (Driveway Led & Staff Quarters)
PO-LEGACY-reid-stanford-decorative-lighting,Reid Stanford (Decorative Lighting),reid-stanford-decorative-lighting,Reid Stanford (Decorative Lighting)
PO-LEGACY-reid-stanford-general-lighting,Reid Stanford (General Lighting),reid-stanford-decorative-lighting,Reid Stanford (General Lighting)
PO-LEGACY-reid-stanford-joinery-led,Reid Stanford (Joinery Led),reid-stanford-decorative-lighting,Reid Stanford (Joinery Led)
PO-LEGACY-reid-switching-extras-2,Reid (Switching) (Extras 2),reid-exterior-downlighters,Reid (Switching) (Extras 2)
PO-LEGACY-reid-switching-extras-3,Reid (Switching) (Extras 3),reid-exterior-downlighters,Reid (Switching) (Extras 3)
PO-LEGACY-replacements-kalahari-brown-wall-lights,Replacements Kalahari (Brown Wall Lights),replacements-kalahari-brown-wall-lights,Replacements Kalahari (Brown Wall Lights)
PO-LEGACY-restio-river-house-games-room-replacement-track-light,Restio River House (Games Room - Replacement Track Light),restio-river-house-games-room-replacement-track-light,Restio River House (Games Room - Replacement Track Light)
PO-LEGACY-reyburn-general-lighting,Reyburn (General Lighting),reyburn-general-lighting,Reyburn (General Lighting)
PO-LEGACY-reyburn-led-strip-lighting,Reyburn (Led Strip Lighting),reyburn-general-lighting,Reyburn (Led Strip Lighting)
PO-LEGACY-rickety-bridge-luxeline-wall-light,Rickety Bridge (Luxeline) - Wall light,rickety-bridge-luxeline-wall-light,Rickety Bridge (Luxeline) - Wall light
PO-LEGACY-rietspruit-architectural-lighting,Rietspruit (Architectural Lighting),rietspruit-architectural-lighting,Rietspruit (Architectural Lighting)
PO-LEGACY-river-house-architectural-lighting,River House (Architectural Lighting),river-house-architectural-lighting,River House (Architectural Lighting)
PO-LEGACY-robert-ag-landscape-lighting-options,Robert AG (Landscape Lighting Options),robert-ag-landscape-lighting-options,Robert AG (Landscape Lighting Options)
PO-LEGACY-rob-sylvester-home-ceiling-step-led,Rob Sylvester Home (Ceiling & Step LED),rob-sylvester-home-ceiling-step-led,Rob Sylvester Home (Ceiling & Step LED)
PO-LEGACY-rob-sylvester-home-ceiling-step-led-extras,Rob Sylvester Home (Ceiling & Step LED) (Extras),rob-sylvester-home-ceiling-step-led,Rob Sylvester Home (Ceiling & Step LED) (Extras)
PO-LEGACY-rob-sylvester-home-ceiling-step-led-extra-strip,Rob Sylvester Home (Ceiling & Step LED) (Extra Strip),rob-sylvester-home-ceiling-step-led,Rob Sylvester Home (Ceiling & Step LED) (Extra Strip)
PO-LEGACY-rory-trollip-general-lighting,Rory Trollip (General Lighting),rory-trollip-general-lighting,Rory Trollip (General Lighting)
PO-LEGACY-roux-general-lighting,Roux (General Lighting),roux-general-lighting,Roux (General Lighting)
PO-LEGACY-saad-landscape-lighting,Saad (Landscape Lighting),saad-landscape-lighting,Saad (Landscape Lighting)
PO-LEGACY-sanctuary-5-ceiling-lighting,Sanctuary 5 (Ceiling Lighting),sanctuary-5-ceiling-lighting,Sanctuary 5 (Ceiling Lighting)
PO-LEGACY-sanctuary-5-general-lighting,Sanctuary 5 (General Lighting),sanctuary-5-ceiling-lighting,Sanctuary 5 (General Lighting)
PO-LEGACY-sanctuary-5-landscape-lighting,Sanctuary 5 (Landscape Lighting),sanctuary-5-ceiling-lighting,Sanctuary 5 (Landscape Lighting)
PO-LEGACY-sanctuary-5-led-lighting,Sanctuary 5 (LED Lighting),sanctuary-5-ceiling-lighting,Sanctuary 5 (LED Lighting)
PO-LEGACY-saota-libraryextras-1,SAOTA (Library)(Extras 1),saota-libraryextras-1,SAOTA (Library)(Extras 1)
PO-LEGACY-sassoon-general-lighting,Sassoon (General Lighting),sassoon-general-lighting,Sassoon (General Lighting)
PO-LEGACY-sea-hare-ceiling-led,Sea Hare (Ceiling Led),sea-hare-ceiling-led,Sea Hare (Ceiling Led)
PO-LEGACY-sea-hare-joinery-led,Sea Hare (Joinery Led),sea-hare-ceiling-led,Sea Hare (Joinery Led)
PO-LEGACY-seerus-design-fee,Seerus (Design Fee),seerus-design-fee,Seerus (Design Fee)
PO-LEGACY-sikwila-basement-ceiling-led,Sikwila - Basement (Ceiling LED),sikwila-basement-ceiling-led,Sikwila - Basement (Ceiling LED)
PO-LEGACY-sikwila-basement-general-lighting,Sikwila - Basement (General Lighting),sikwila-basement-ceiling-led,Sikwila - Basement (General Lighting)
PO-LEGACY-sikwila-design-fee-part-2,Sikwila - Design Fee (Part 2),sikwila-basement-ceiling-led,Sikwila - Design Fee (Part 2)
PO-LEGACY-sikwila-first-floor-ceiling-led,Sikwila - First Floor (Ceiling LED),sikwila-basement-ceiling-led,Sikwila - First Floor (Ceiling LED)
PO-LEGACY-sikwila-first-floor-general-lighting,Sikwila - First Floor (General Lighting),sikwila-basement-ceiling-led,Sikwila - First Floor (General Lighting)
PO-LEGACY-sikwila-first-floor-joinery-led,Sikwila (First Floor Joinery LED),sikwila-basement-ceiling-led,Sikwila (First Floor Joinery LED)
PO-LEGACY-sikwila-ground-floor-ceiling-led,Sikwila - Ground Floor (Ceiling LED),sikwila-basement-ceiling-led,Sikwila - Ground Floor (Ceiling LED)
PO-LEGACY-sikwila-ground-floor-general-lighting,Sikwila - Ground Floor (General Lighting),sikwila-basement-ceiling-led,Sikwila - Ground Floor (General Lighting)
PO-LEGACY-sikwila-ground-floor-joinery-led,Sikwila (Ground Floor Joinery LED),sikwila-basement-ceiling-led,Sikwila (Ground Floor Joinery LED)
PO-LEGACY-sikwila-hs-steyn-city-design-fee,Sikwila HS - Steyn City (Design Fee),sikwila-basement-ceiling-led,Sikwila HS - Steyn City (Design Fee)
PO-LEGACY-sikwila-landscape,Sikwila (Landscape),sikwila-basement-ceiling-led,Sikwila (Landscape)
PO-LEGACY-sikwila-site-visit,Sikwila (Site Visit),sikwila-basement-ceiling-led,Sikwila (Site Visit)
PO-LEGACY-silverboom-kloof-guest-lodge-bedside-lights,Silverboom Kloof Guest Lodge (Bedside Lights),silverboom-kloof-guest-lodgesextra-drivers,Silverboom Kloof Guest Lodge (Bedside Lights)
PO-LEGACY-silverboom-kloof-guest-lodge-general-lighting,Silverboom Kloof Guest Lodge (General Lighting),silverboom-kloof-guest-lodgesextra-drivers,Silverboom Kloof Guest Lodge (General Lighting)
PO-LEGACY-silverboom-kloof-guest-lodge-replacement-drivers,Silverboom Kloof Guest Lodge (Replacement Drivers),silverboom-kloof-guest-lodgesextra-drivers,Silverboom Kloof Guest Lodge (Replacement Drivers)
PO-LEGACY-silverboom-kloof-guest-lodgesextra-drivers,Silverboom Kloof (Guest Lodges)(Extra Drivers),silverboom-kloof-guest-lodgesextra-drivers,Silverboom Kloof (Guest Lodges)(Extra Drivers)
PO-LEGACY-singita-01-bed-unit-guest-bathroom-rail-led,Singita (01 Bed Unit Guest Bathroom) (Rail LED),singita-freight-to-pretoria,Singita (01 Bed Unit Guest Bathroom) (Rail LED)
PO-LEGACY-singita-01-bed-unit-guest-camp,Singita (01 Bed Unit Guest Camp),singita-freight-to-pretoria,Singita (01 Bed Unit Guest Camp)
PO-LEGACY-singita-02-bed-guest-unit-x-2,Singita (02 BED GUEST UNIT) X 2,singita-freight-to-pretoria,Singita (02 BED GUEST UNIT) X 2
PO-LEGACY-singita-02-bed-unit-guest-bathroom-rail-led,Singita (02 Bed Unit Guest Bathroom) (Rail LED),singita-freight-to-pretoria,Singita (02 Bed Unit Guest Bathroom) (Rail LED)
PO-LEGACY-singita-airstrip-lighting,Singita (Airstrip Lighting),singita-freight-to-pretoria,Singita (Airstrip Lighting)
PO-LEGACY-singita-bg-general-lighting,Singita (B&G General Lighting),singita-freight-to-pretoria,Singita (B&G General Lighting)
PO-LEGACY-singita-bg-joinery-led,Singita (B&G Joinery LED),singita-freight-to-pretoria,Singita (B&G Joinery LED)
PO-LEGACY-singita-camp-kitchen,Singita (Camp Kitchen),singita-freight-to-pretoria,Singita (Camp Kitchen)
PO-LEGACY-singita-carport,Singita (Carport),singita-freight-to-pretoria,Singita (Carport)
PO-LEGACY-singita-courtyard-est,Singita (Courtyard) EST,singita-freight-to-pretoria,Singita (Courtyard) EST
PO-LEGACY-singita-culinary-school,Singita (Culinary School),singita-freight-to-pretoria,Singita (Culinary School)
PO-LEGACY-singita-freight-to-pretoria,Singita - Freight to Pretoria,singita-freight-to-pretoria,Singita - Freight to Pretoria
PO-LEGACY-singita-guest-camp-8carport-lighting,Singita (Guest Camp 8)(Carport Lighting),singita-freight-to-pretoria,Singita (Guest Camp 8)(Carport Lighting)
PO-LEGACY-singita-guest-camp-8-general-lighting,Singita - Guest Camp 8 (General Lighting),singita-freight-to-pretoria,Singita - Guest Camp 8 (General Lighting)
PO-LEGACY-singita-guest-camp-8-led-lighting,Singita - Guest Camp 8 (LED Lighting),singita-freight-to-pretoria,Singita - Guest Camp 8 (LED Lighting)
PO-LEGACY-singita-gym-lighting,Singita (Gym Lighting),singita-freight-to-pretoria,Singita (Gym Lighting)
PO-LEGACY-singita-ladybird-investments-ta-lodge-builders-botswana-design-fee,Singita Ladybird Investments T/A Lodge Builders Botswana Design Fee,singita-freight-to-pretoria,Singita Ladybird Investments T/A Lodge Builders Botswana Design Fee
PO-LEGACY-singita-landscape-lighting-pathway-lights,Singita (Landscape Lighting) (Pathway Lights),singita-freight-to-pretoria,Singita (Landscape Lighting) (Pathway Lights)
PO-LEGACY-singita-office-lighting,Singita (Office Lighting),singita-freight-to-pretoria,Singita (Office Lighting)
PO-LEGACY-singita-staff-canteen,Singita (Staff Canteen),singita-freight-to-pretoria,Singita (Staff Canteen)
PO-LEGACY-singita-the-conservation-lounge,Singita (The Conservation Lounge),singita-freight-to-pretoria,Singita (The Conservation Lounge)
PO-LEGACY-sissou-ceiling-led,Sissou (Ceiling LED),first-fix-only-sissou-architectural-lightingstd-track,Sissou (Ceiling LED)
PO-LEGACY-sissou-exterior-landscape-lighting,Sissou (Exterior & Landscape Lighting),first-fix-only-sissou-architectural-lightingstd-track,Sissou (Exterior & Landscape Lighting)
PO-LEGACY-sissou-footlight,Sissou (Footlight),first-fix-only-sissou-architectural-lightingstd-track,Sissou (Footlight)
PO-LEGACY-sissou-footlights-ingrounds,Sissou (Footlights & Ingrounds),first-fix-only-sissou-architectural-lightingstd-track,Sissou (Footlights & Ingrounds)
PO-LEGACY-sissou-joinery-led,Sissou (Joinery LED),first-fix-only-sissou-architectural-lightingstd-track,Sissou (Joinery LED)
PO-LEGACY-sissou-site-visit,Sissou (Site Visit),first-fix-only-sissou-architectural-lightingstd-track,Sissou (Site Visit)
PO-LEGACY-southern-guild-led-lamps,Southern Guild (LED Lamps),southern-guild-led-lamps,Southern Guild (LED Lamps)
PO-LEGACY-south-villa-602-gym-replacement-led,South Villa 602 (Gym Replacement LED),south-villa-602-gym-replacement-led,South Villa 602 (Gym Replacement LED)
PO-LEGACY-spier-main-building-general-lighting-first-floor-roof-bar-phase-1,Spier Main Building (General Lighting) (First Floor - Roof Bar Phase 1),spier-main-building-general-lighting-first-floor-roof-bar-phase-1,Spier Main Building (General Lighting) (First Floor - Roof Bar Phase 1)
PO-LEGACY-spier-main-building-general-lighting-ground-floor-dining-room-phase-1,Spier Main Building (General Lighting) (Ground Floor - Dining Room Phase 1),spier-main-building-general-lighting-first-floor-roof-bar-phase-1,Spier Main Building (General Lighting) (Ground Floor - Dining Room Phase 1)
PO-LEGACY-spier-main-building-general-lighting-ground-floor-enterance-wine-gallery-wc,Spier Main Building (General Lighting) (Ground Floor - Enterance + Wine Gallery + WC),spier-main-building-general-lighting-first-floor-roof-bar-phase-1,Spier Main Building (General Lighting) (Ground Floor - Enterance + Wine Gallery + WC)
PO-LEGACY-spier-main-building-general-lighting-ground-floor-entrance-wine-gallery-wc-ceramic-wall,Spier Main Building (General Lighting) (Ground Floor - Entrance + Wine Gallery + WC) - Ceramic Wall,spier-main-building-general-lighting-first-floor-roof-bar-phase-1,Spier Main Building (General Lighting) (Ground Floor - Entrance + Wine Gallery + WC) - Ceramic Wall
PO-LEGACY-spier-villa-2-general-lighting,Spier Villa 2 (General Lighting),spier-villa-2-general-lighting,Spier Villa 2 (General Lighting)
PO-LEGACY-spier-wine-farm-design-fee,Spier Wine Farm (Design Fee),spier-wine-farm-led,Spier Wine Farm (Design Fee)
PO-LEGACY-spier-wine-farm-led,Spier Wine Farm - (LED),spier-wine-farm-led,Spier Wine Farm - (LED)
PO-LEGACY-stanford-house-corfe,Stanford (House Corfe),stanford-house-corfe,Stanford (House Corfe)
PO-LEGACY-steenberg-exterior-lighting-return-to-supplier,Steenberg (Exterior Lighting) (Return to Supplier),steenberg-exterior-lighting-return-to-supplier,Steenberg (Exterior Lighting) (Return to Supplier)
PO-LEGACY-stefan-antoni-general-lighting-floor-lamp,Stefan Antoni - General Lighting (Floor Lamp),stefan-antoni-general-lighting-floor-lamp,Stefan Antoni - General Lighting (Floor Lamp)
PO-LEGACY-stefan-antoni-general-lighting-floor-lamp-for-friend,Stefan Antoni - General Lighting (Floor Lamp) (For Friend),stefan-antoni-general-lighting-floor-lamp,Stefan Antoni - General Lighting (Floor Lamp) (For Friend)
PO-LEGACY-stefan-antoni-stillbaai-sp18-joinery-led,Stefan Antoni - StillBaai SP18 (Joinery LED),stefan-antoni-general-lighting-floor-lamp,Stefan Antoni - StillBaai SP18 (Joinery LED)
PO-LEGACY-stefan-pool-table-light,Stefan (Pool Table Light),stefan-pool-table-light,Stefan (Pool Table Light)
PO-LEGACY-stellenbosch-nandos-exterior-features-drive-through-design-fee,Stellenbosch Nando's - Exterior features & drive through - Design Fee,stellenbosch-nandos-exterior-features-drive-through-design-fee,Stellenbosch Nando's - Exterior features & drive through - Design Fee
PO-LEGACY-stellenbosch-nandos-external-works-design-fee,Stellenbosch Nando's - external works - Design Fee,stellenbosch-nandos-exterior-features-drive-through-design-fee,Stellenbosch Nando's - external works - Design Fee
PO-LEGACY-stellenbosch-nandos-restaurant-design-fee,Stellenbosch Nando's - Restaurant - Design Fee,stellenbosch-nandos-exterior-features-drive-through-design-fee,Stellenbosch Nando's - Restaurant - Design Fee
PO-LEGACY-stengl-extras-1,Stengl (Extras 1),stengl-extras-1,Stengl (Extras 1)
PO-LEGACY-st-francis-dmx-cable,St Francis (DMX Cable),st-francis-dmx-cable,St Francis (DMX Cable)
PO-LEGACY-st-francis-general-lighting-balance1,St Francis (General Lighting) (Balance)1,st-francis-dmx-cable,St Francis (General Lighting) (Balance)1
PO-LEGACY-st-francis-general-lighting-order-2,St Francis (General Lighting) (Order 2),st-francis-dmx-cable,St Francis (General Lighting) (Order 2)
PO-LEGACY-st-francis-guest-wc-leds,St Francis (Guest WC LEDS),st-francis-dmx-cable,St Francis (Guest WC LEDS)
PO-LEGACY-st-francis-rgb-neon-flex,St Francis (RGB Neon Flex),st-francis-dmx-cable,St Francis (RGB Neon Flex)
PO-LEGACY-stillbaai-sp18-bollards,StillBaai SP18 (Bollards),stillbaai-sp18-bollards,StillBaai SP18 (Bollards)
PO-LEGACY-stillbaai-sp18-flood-light,StillBaai SP18 (Flood Light),stillbaai-sp18-bollards,StillBaai SP18 (Flood Light)
PO-LEGACY-stillbaai-sp18-joinery-ledre-order,StillBaai SP18 (Joinery LED)(Re-Order),stillbaai-sp18-bollards,StillBaai SP18 (Joinery LED)(Re-Order)
PO-LEGACY-stoep-huis-ceiling-fans,Stoep Huis (Ceiling Fans),stoep-huis-ceiling-fans,Stoep Huis (Ceiling Fans)
PO-LEGACY-stoep-huis-ceiling-led,Stoep Huis (Ceiling LED),stoep-huis-ceiling-fans,Stoep Huis (Ceiling LED)
PO-LEGACY-stoep-huis-general-lighting,Stoep Huis (General Lighting),stoep-huis-ceiling-fans,Stoep Huis (General Lighting)
PO-LEGACY-stoep-huis-general-lightingextras,Stoep Huis (General Lighting)(Extras),stoep-huis-ceiling-fans,Stoep Huis (General Lighting)(Extras)
PO-LEGACY-stoep-huis-joinery-led-lighting,Stoep Huis (Joinery LED Lighting),stoep-huis-ceiling-fans,Stoep Huis (Joinery LED Lighting)
PO-LEGACY-stoep-huis-professional-design-fee,Stoep Huis Professional - Design Fee,stoep-huis-ceiling-fans,Stoep Huis Professional - Design Fee
PO-LEGACY-strydom-landscape-replacement,Strydom (Landscape) (Replacement),strydom-landscape-replacement,Strydom (Landscape) (Replacement)
PO-LEGACY-stylianou-ceiling-led,Stylianou (Ceiling LED),stylianou-ceiling-led,Stylianou (Ceiling LED)
PO-LEGACY-stylianou-general-lighting,Stylianou (General Lighting),stylianou-ceiling-led,Stylianou (General Lighting)
PO-LEGACY-stylianou-joinery-led-step-led,Stylianou (Joinery LED - Step Led),stylianou-ceiling-led,Stylianou (Joinery LED - Step Led)
PO-LEGACY-sv1-backlit-marble-extras-2,SV1 (Backlit Marble) (Extras 2),sv1-backlit-marble-extras-3,SV1 (Backlit Marble) (Extras 2)
PO-LEGACY-sv1-backlit-marble-extras-3,SV1 (Backlit Marble Extras 3),sv1-backlit-marble-extras-3,SV1 (Backlit Marble Extras 3)
PO-LEGACY-sv1-ceiling-step-led-unit-37breplace-stock-used-for-patel,SV1 (Ceiling & Step Led) (Unit 37B)(Replace Stock Used for Patel),sv1-backlit-marble-extras-3,SV1 (Ceiling & Step Led) (Unit 37B)(Replace Stock Used for Patel)
PO-LEGACY-sv1-general-lighting-extras-6,SV1 (General Lighting) (Extras 6),sv1-backlit-marble-extras-3,SV1 (General Lighting) (Extras 6)
PO-LEGACY-swallows-nest-attic-stock,Swallows Nest (Attic Stock),swallows-nest-attic-stock,Swallows Nest (Attic Stock)
PO-LEGACY-swallows-nest-bollard-base,Swallows Nest (Bollard Base),swallows-nest-attic-stock,Swallows Nest (Bollard Base)
PO-LEGACY-swallows-nest-bollard-bases,Swallows Nest (Bollard Bases),swallows-nest-attic-stock,Swallows Nest (Bollard Bases)
PO-LEGACY-swallows-nest-extra-garden-spikes,Swallows Nest (Extra Garden Spikes),swallows-nest-attic-stock,Swallows Nest (Extra Garden Spikes)
PO-LEGACY-swallows-nest-garden-spikesextra1,Swallows Nest (Garden Spikes)(Extra1),swallows-nest-attic-stock,Swallows Nest (Garden Spikes)(Extra1)
PO-LEGACY-swallows-nest-general-lightingphase-dimmable-driver,Swallows Nest (General Lighting)(Phase dimmable driver),swallows-nest-attic-stock,Swallows Nest (General Lighting)(Phase dimmable driver)
PO-LEGACY-swallows-nest-joinery-extrasoff-set-with-credit,Swallows Nest (Joinery Extras)(Off-Set With Credit),swallows-nest-attic-stock,Swallows Nest (Joinery Extras)(Off-Set With Credit)
PO-LEGACY-swallows-nest-joinery-led,Swallows Nest (Joinery LED),swallows-nest-attic-stock,Swallows Nest (Joinery LED)
PO-LEGACY-swallows-nest-led-driver-replacement-credit,Swallows Nest (LED - Driver Replacement + Credit),swallows-nest-attic-stock,Swallows Nest (LED - Driver Replacement + Credit)
PO-LEGACY-swallows-nest-led-lighting-joinery-removed,Swallows Nest LED Lighting [Joinery Removed],swallows-nest-attic-stock,Swallows Nest LED Lighting [Joinery Removed]
PO-LEGACY-swallows-nest-light-reduction-filters,Swallows Nest (Light Reduction Filters),swallows-nest-attic-stock,Swallows Nest (Light Reduction Filters)
PO-LEGACY-swallows-nest-replacement-bollard,Swallows Nest (Replacement Bollard),swallows-nest-attic-stock,Swallows Nest (Replacement Bollard)
PO-LEGACY-swallows-nest-replacement-bollards-and-bases,Swallows Nest (Replacement Bollards and Bases),swallows-nest-attic-stock,Swallows Nest (Replacement Bollards and Bases)
PO-LEGACY-swanepoel-exterior-wall-lights-extras,Swanepoel (Exterior Wall Lights) (Extras),swanepoel-exterior-wall-lights-extras,Swanepoel (Exterior Wall Lights) (Extras)
PO-LEGACY-swanepoel-landscape-lighting,Swanepoel (Landscape Lighting),swanepoel-exterior-wall-lights-extras,Swanepoel (Landscape Lighting)
PO-LEGACY-swartzberg-decorative-lighting,Swartzberg (Decorative Lighting),swartzberg-decorative-lighting,Swartzberg (Decorative Lighting)
PO-LEGACY-tambor-9-design-fee,Tambor 9 - Design Fee,,Tambor 9 - Design Fee
PO-LEGACY-taryn-van-rooyen-general-lightingspike-lights,Taryn Van Rooyen (General Lighting)(Spike Lights),taryn-van-rooyen-general-lightingspike-lights,Taryn Van Rooyen (General Lighting)(Spike Lights)
PO-LEGACY-the-president-hotel-conference-room-leds,The President Hotel (Conference Room LEDs),the-president-hotel-conference-room-leds,The President Hotel (Conference Room LEDs)
PO-LEGACY-tim-harbich-facade-led,Tim Harbich (Facade Led),tim-harbich-facade-led,Tim Harbich (Facade Led)
PO-LEGACY-topat-replacement-fittings-and-led,Topat (Replacement Fittings and LED),topat-replacement-fittings-and-led,Topat (Replacement Fittings and LED)
PO-LEGACY-topat-replacement-fittings-and-less-led,Topat (Replacement Fittings and Less LED),topat-replacement-fittings-and-led,Topat (Replacement Fittings and Less LED)
PO-LEGACY-topat-simons-town-wall-light-replacement-spares,Topat Simons Town (Wall Light) (Replacement Spares),topat-simons-town-wall-light-replacement-spares,Topat Simons Town (Wall Light) (Replacement Spares)
PO-LEGACY-twin-towers-picture-light,Twin Towers (Picture Light),twin-towers-picture-light,Twin Towers (Picture Light)
PO-LEGACY-union-house-art-led-repair,Union House Art (LED Repair),union-house-consulting-design-fee,Union House Art (LED Repair)
PO-LEGACY-union-house-consulting-design-fee,Union House - Consulting Design fee,union-house-consulting-design-fee,Union House - Consulting Design fee
PO-LEGACY-updated-singita-the-hub-zone-1030626,Updated - Singita (The Hub Zone 1)03/06/26,singita-freight-to-pretoria,Updated - Singita (The Hub Zone 1)03/06/26
PO-LEGACY-upper-albert-faulty-replacement-spikes,Upper Albert (Faulty Replacement Spikes),upper-albert-faulty-replacement-spikes,Upper Albert (Faulty Replacement Spikes)
PO-LEGACY-upper-primrose-design-fee,Upper Primrose - Design Fee,,Upper Primrose - Design Fee
PO-LEGACY-van-niekerk-replacement-landscape-drivers,Van Niekerk (Replacement Landscape Drivers),van-niekerk-replacement-landscape-drivers,Van Niekerk (Replacement Landscape Drivers)
PO-LEGACY-van-ryns-brandy-distillery-tasting-room,Van Ryn's Brandy (Distillery & Tasting Room),van-ryns-brandy-distillery-tasting-room,Van Ryn's Brandy (Distillery & Tasting Room)
PO-LEGACY-van-ryns-brandy-distillery-tasting-room-joinery-led,Van Ryn's Brandy (Distillery & Tasting Room) (Joinery LED),van-ryns-brandy-distillery-tasting-room,Van Ryn's Brandy (Distillery & Tasting Room) (Joinery LED)
PO-LEGACY-villa-hk-design-fee,Villa HK (Design Fee),villa-hk-design-fee,Villa HK (Design Fee)
PO-LEGACY-villa-r11-international-design-fee,Villa R11 (International Design Fee),villa-r11-international-design-fee,Villa R11 (International Design Fee)
PO-LEGACY-villa-z-design-fee,Villa Z (Design Fee),,Villa Z (Design Fee)
PO-LEGACY-waters-edge-26-ceiling-step-led-lighting,Waters Edge 26 (Ceiling & Step LED Lighting),waters-edge-26-design-fee,Waters Edge 26 (Ceiling & Step LED Lighting)
PO-LEGACY-waters-edge-26-design-fee,Water's Edge 26 (Design Fee),waters-edge-26-design-fee,Water's Edge 26 (Design Fee)
PO-LEGACY-waters-edge-26-general-lighting,Waters Edge 26 (General Lighting),waters-edge-26-design-fee,Waters Edge 26 (General Lighting)
PO-LEGACY-waters-edge-26-joinery-led,Waters Edge 26 (Joinery LED),waters-edge-26-design-fee,Waters Edge 26 (Joinery LED)
PO-LEGACY-waters-edge-28,Waters Edge 28,waters-edge-28,Waters Edge 28
PO-LEGACY-watersedge-28-general-lighting,WatersEdge 28 (General Lighting),waters-edge-28,WatersEdge 28 (General Lighting)
PO-LEGACY-waters-edge-28-switching,Waters Edge 28 (Switching),waters-edge-28,Waters Edge 28 (Switching)
PO-LEGACY-wynand-wilsenach-architects-led-drivers-for-wynand,Wynand Wilsenach Architects (LED Drivers For Wynand),wynand-wilsenach-architects-led-drivers-for-wynand,Wynand Wilsenach Architects (LED Drivers For Wynand)
PO-LEGACY-wynand-wilsenacht-architects-spike-lights-for-wynand,Wynand Wilsenacht Architects (Spike Lights For Wynand),wynand-wilsenacht-architects-spike-lights-for-wynand,Wynand Wilsenacht Architects (Spike Lights For Wynand)