"Project Key (Existing Key, or type a brand new one to create a new project)",Project Name,Client Name,PM Name,Status,Deadline
1-stern-close-spike-lights,1 Stern Close,Alfa One Estates (PTY) Ltd,,On track,08/04/2026
10-sugarbird-lane-exterior-replacements,10 Sugarbird Lane,Private Client,,On track,04/03/2026
119a-kloof-nek-road-replacements,119a Kloof Nek Road,SAOTA,,On track,15/10/2025
127-dummer-street-general-lighting-extras-2,127 Dummer Street,Ellis & Associates,,On track,31/01/2025
16-trade-winds-exterior-lighting,16 Trade Winds,Property Matrix Management,,On track,01/07/2026
2138-house-bryson-ceiling-led,2138 House Bryson,GI Projects,,On track,01/04/2025
25-primrose-ave-12-linear-light,25 Primrose Ave,Ellis & Associates,,On track,17/12/2025
264-ovd-landscape-lighting,264 OVD,Ocean Electrical,,On track,13/11/2025
301-val-de-vie-landscape-lighting,301 Val De Vie,Louis Philips Architects,,On track,27/10/2025
33-kerzner-fualty-replacement,33 Kerzner,TTJ Developments,,On track,27/03/2025
33-kerzner-estate-design-fee,33 Kerzner Estate,TTH Developments,,On track,23/03/2023
35-kensington-cres-decorative-lighting,35 Kensington Crescent,Andrea Cilloniz,,On track,18/08/2025
4-peach-lane-extra-floods,4 Peach Lane,SAOTA,,On track,16/09/2025
402-bantry-rocks-led-lighting,402 Bantry Rocks,Atlantic Seaboard,,On track,29/04/2026
4352-atlantic-beach-estate-consultation-fee,4352 Atlantic Beach Estate,Boss Artichects,,On track,20/08/2025
45-victoria-apartment-product-est,45 Victoria,Kaikoura,,On track,17/11/2025
46-sedgemoor-rd-ceiling-step-led-lighting,46 Sedgemoor Rd,Ideare,,On track,02/06/2026
551-attic-stock,551,Peerutin Karol Architects,,On track,20/11/2025
58-sunset-design-fee,58 Sunset,MLB Architects,,On track,05/12/2022
59-strathmore-design-fee,59 Strathmore,Zs Architects,,On track,16/04/2024
6-ave-glen-lamps-pergola-lighting,6 Ave Glen,Newman Architecture,,On track,04/11/2024
6-glen-avenue-design-fee,6 Glen Avenue,Newman Architecture,,On track,24/02/2022
602-clifton-terraces-additional-art-spots,602 Clifton Terraces,Bright Idea Electrical,,On track,09/03/2026
67-ocean-view-drive-general-lighting,67 Ocean View Drive,Ellis & Associates,,On track,29/04/2025
abendanon-led-driversreplacement,Abendanon,Cape Island Construction,,On track,2026-07-08
alex-cotchobos-general-lighting,Alex Cotchobos,Alex Cotchobos,,On track,08/05/2026
andrea-cilloniz-extra-track-feeds,Andrea Cilloniz,Private,,On track,09/09/2025
apartment-viljoen-pool-led,Apartment Viljoen,Metle Construction,,On track,01/10/2025
arum-3-wire-track-lighting,Arum,Private Client,,On track,26/09/2025
atlantic-beach-architectural-lighting,Atlantic Beach,Boss Architects,,On track,04/11/2025
avondale-ridge-house-ceiling-led,Avondale Ridge House,Three14 Architects,,On track,12/05/2025
bakoven-ceiling-led,Bakoven,QDP Lighting & Electrical Design,,On track,25/02/2026
bantry-place-exterior-wall-lights,Bantry Place,John Jacob Interiors,,On track,18/02/2026
bantry-rocks-balcony,Bantry Rocks,Ellis & Associates,,On track,19/06/2026
bell-ceiling-led,Bell,Wynand Wilsenach Architects,,On track,11/02/2026
bennett-bb-spike-lights,Bennett,Clermont Vineyards (Pty) Ltd,,On track,25/03/2026
berlion-general-lighting,Berlion,Louis Philips Architects,,On track,18/03/2026
beyond-restaurant-automation-consultation,Beyond Restaurant,Beyond,,On track,10/10/2025
bezuidenhout-basement-design-fee,Bezuidenhout,SAOTA,,On track,09/06/2022
bone-studio-driver,Bone Studio,Bone Studio,,On track,07/07/2026
boschendal-arum-site-visit-fee,Boschendal Arum,Boschendal (Pty) Ltd,,On track,10/09/2025
brendan-vadas-home-exterior-wall-lights,Brendan Vadas - Home,Brendan Vadas,,On track,05/05/2026
britz,Britz,Phase Three Property Development (Pty) Ltd,Ryan McCarthy,On track,2026-07-20
broadoaks-rabbit-sculpture,Broadoaks,Ellis & Associates,,On track,03/06/2026
buchu-design,Buchu,Private Client,,On track,22/04/2026
camps-bay-2762-decorative-lighting,Camps Bay 2762,Three 14 Architects,,On track,30/04/2026
canal-walk-towers-signature-design-proposal-design-fee,Canal Walk,MDSA Project Management,,On track,03/06/2026
cape-kloof-villa-floor-light-repair,Cape Kloof Villa,Cape Kloof Villa,,On track,17/12/2025
carlyle-square-general-lighting,Carlyle Square,John Jacob Interiors,,On track,11/05/2026
chemrent-replacement-corner,Chemrent,Louis Philips Architects,,On track,25/07/2025
chris-van-niekerk-bollard-drivers,Chris Van Niekerk,Bright Idea Electrical,,On track,12/06/2026
clifton-bungalow-design-fee,Clifton Bungalow,Peter Cohren Architects,,On track,05/12/2024
clifton-terrace-led-extras-4,Clifton Terrace,Metle Construction,,On track,13/11/2025
clifton-terraces-601-neon-flex-replacement-outside-gym,Clifton Terraces 601,Private Client,,On track,02/06/2026
clifton-unit-6-design-fee,Clifton Unit 6,Metle Construction,,On track,06/12/2024
complimentary-sleeves-for-singita-footlights,Complimentary Sleeves for Singita Footlights,Ladybird Investments T/A Lodge Builders Botswana,,On track,09/03/2026
cooper-extra-drivers,Cooper,Wynand Wilsenach Architects,,On track,09/02/2026
cotchobos-31-thistle-decorative-lighting,Cotchobos 31 Thistle,Alex Cotchobos,,On track,11/05/2026
cox-ceiling-led,Cox,Wynand Wilsenach Architects,,On track,28/01/2026
decorex-marketing-account-internal,Decorex,Private Client,,On track,24/06/2026
delaire-graff-design-fee,Delaire Graff,Delaire Graff,,On track,03/10/2022
demo-project,Demo Project,Demo Client,Demo PM,On track,TBD
den-dulk-botmaskop-design-fee,Den Dulk - Botmaskop,SAOTA,,On track,11/12/2024
dents-electrical-steenberg-golf-estate-focs,Dents Electrical (Steenberg Golf Estate),Dents Electrical,,On track,09/10/2025
ewerd-brand-garden-spike-lightsoption-1,Ewerd Brand,Brandbild,,On track,01/07/2026
faf-du-plessis-replacement-driver,Faf Du Plessis,Faf du Plessis,,On track,13/03/2026
fillemon-general-lighting,Fillemon,Marula Game Ranch,,On track,02/02/2026
final-shihaam-nandos-fourways-ceiling-and-joinery-led-2210,Nando's Fourways,Chickenland,,On track,26/09/2025
fir-road-ceiling-joinery-led,Fir Road,Zs Architects,,On track,25/05/2026
first-fix-only-sissou-architectural-lightingstd-track,Sissou,Silver Dawn Investments,,On track,20/04/2026
foxcraft-decorative-pendant,Foxcraft,Foxcraft Restaurant,,On track,12/03/2026
fyn-boschendal-confirmed-fittings,Fyn,Arum,,On track,12/08/2025
gallery-made,Gallery,Private Client,,On track,26/06/2025
goldstein-general-lighting-phase-2,Goldstein,Dents Electrical,,On track,27/08/2025
gouws-design-fee,Gouws,Dormehl Construction,,On track,23/10/2023
grobler-exterior-wall-lights,Grobler,Grobler Architects,,On track,08/04/2026
gyni-spotlight,Gyni,Cape Plumbing & Electrical,,On track,29/01/2026
h29-mauritius-design-fee,H29 - Mauritius,H29,,On track,01/04/2026
h8-mauritius-design-fee,H8 - Mauritius,Richstone Properties.,,On track,08/06/2026
harbich-bic-led-library,Harbich,Dc Architects,,On track,09/03/2026
haydn-ellis-wall-lights,Haydn Ellis,Ellis & Associates,,On track,09/02/2026
head-office-upgrades-made,Head Office Upgrades (MADE),Private Client,,On track,25/06/2025
head-rd-deville-joinery-led,Head Rd,ARRCC,,On track,24/04/2026
head-rd-deville-joinery-ledextras-1,Head Road,Arrcc,,On track,11/05/2026
hely-helga-cabinet-lights,Hely Helga,John Jacob Interiors,,On track,15/01/2026
hickman-general-light-downlights,Hickman,HCGA Architecture,,On track,18/03/2025
higgo-road-driver-extras,Higgo Road,Private Client,,On track,11/12/2025
hotel-amalfi-mock-up-room-door-signage-led,Hotel Amalfi,Maison Reyjeane,,On track,04/12/2025
house-a-decorative-picture-light,House A,Bone Studio,,On track,05/06/2026
house-bastiaan-koster-new-bollards,House Bastiaan Koster,Bastiaan Koster,,On track,17/04/2026
house-botha-fibre-lighting-professional,House Botha,Maison Reyjeane,,On track,03/07/2026
house-cooper-replacements,House Cooper,Wynand Wilsenach,,On track,20/05/2026
house-de-klerk-design-proposal,House De Klerk,SAOTA,,On track,18/06/2026
house-fleming-architectural-lighting,House Fleming,MPA,,On track,05/12/2025
house-harbich-plugs-updated,House Harbich,Darryl Croome Architects,,On track,23/09/2025
house-koekemoer,House Koekemoer,Untitled-Design Hub,,On track,02/09/2024
house-kooi-home-automation-switching-option-2,House Kooi,Jaco Botha Architects,,On track,17/06/2026
house-kubili-ceiling-led-lighting,House Kubili,Fox Browne,,On track,25/04/2026
house-loy-decorative-lighting,House Loy,MR.,,On track,15/08/2025
house-madden-bedside-replacement,House Madden,Dc Architects,,On track,12/02/2026
house-meershoek-general-lighting-extra-footlights,House Meershoek,Simon,,On track,26/05/2026
house-of-kitchens-general-lighting-footlights,House Of Kitchens,House Of Kitchens,,On track,25/05/2026
house-patel-architectural-lighting,House Patel,DLJ Quantity Surveyors,,On track,18/09/2025
house-reed-general-lighting,House Reed,DC Architects,,On track,19/03/2026
house-rewachanda-design-fee,House Rewachanda,"Sune Grobler, Cape Atelier  ",,On track,25/05/2026
house-russou-ceiling-led-lighting,House Russou,Wynand Wilsenach Architects,,On track,06/07/2026
house-saad-consultation-fee,House Saad,Private Client,,On track,13/03/2025
house-scheufen-spare-glass,House Scheufen,Malan Voster Architects,,On track,12/12/2025
house-sikwila-first-fix-interior-lighting,House Sikwila,Steyn City,,On track,15/04/2025
house-sissou-decorative,House Sissou,Silver Dawn Investments,,On track,25/04/2026
house-van-niekerk-general-lightingextra-linear-light,House Van Niekerk,Chris Van Niekerk,,On track,18/07/2025
house-velaskar-design-fee,House Velaskar,"Sune Grobler, Cape Atelier  ",,On track,01/07/2026
house-whittaker-vanity-wall-lights,House Whittaker,Samantha Whittaker,,On track,11/11/2025
hove-road-downlighters,Hove Road,Zs Architects,,On track,18/03/2026
ina-paarmans-kitchen-general-lighting-above-kitchen-counter,Ina Paarmans Kitchen,Oliver Dods Architects,,On track,21/05/2026
irvine-decorative-lampsreplacement,Irvine,Penny & Nikki Irvine,,On track,18/02/2025
jlp-harrington-design-fee,JLP Harrington,Just Like Papa,,On track,14/06/2022
johan-basson-decorative-lighting,Johan Basson,Boss Architects,,On track,28/07/2025
kalahari-general-lighting-inground,Kalahari,NAD Property Income Fund (Pty) Ltd,,On track,19/05/2026
kim-stephen-interiors-general-lighting-no-sleeve,Kim Stephen interiors,Kim Stephen interiors,,On track,19/05/2026
koser-est-port-design-fee,Koser EST Port,Private Client,,On track,05/06/2026
kubili-house-design-fee,Kubili House,Private Client,,On track,27/08/2025
leeukoppie-31-design-fee,LeeuKoppie 31,LeeuKoppie 31,,On track,26/02/2024
loy-led,Loy,Open City Architects,,On track,21/02/2024
lualdi-showroom-design-fee,LUALDI Showroom,Valcucine,,On track,11/06/2024
luminary-lamp-accessories,Luminary,Luminary,,On track,04/05/2026
lunn-replacement-lamps,Lunn,Sean Lunn,,On track,25/03/2026
luxeline-sharl-wasserfall-1-to-1-product-gifts-candle-and-table-lamp-for-leds-c4,Luxeline - Sharl Wasserfall (1-TO-1 Product Gifts) (Candle and Table Lamp) For LEDS C4,Luxline,,On track,17/06/2025
madden-vanity-downlighters,Madden,Dc Architects,,On track,04/07/2025
made-dge-magnetic-accessory,MADE : DGE (Magnetic Accessory),Private Client,,On track,12/06/2026
made-dge-brackets,MADE : DGE Brackets,Private Client,,On track,26/08/2025
made-kalahari-md,MADE : Kalahari - MD,Private Client,,On track,17/04/2026
made-kalahari-flexiled-light-shield,MADE : Kalahari (Flexiled Light Shield),Private Client,,On track,23/07/2025
made-kenya,MADE : Kenya,ARRCC,,On track,07/07/2026
made-nettleton-brackets,MADE : Nettleton Brackets,Private Client,,On track,09/09/2025
made-nettleton-track-cover-plate,MADE : Nettleton Track / Cover Plate,Private Client,,On track,04/12/2025
made-pt-her-aroeir-lounge-ceiling-light-portugal,MADE : PT HER AROEIR - Lounge Ceiling Light (Portugal),ARRCC,,On track,21/05/2025
made-quay-7-ballroom-feature-light,MADE : Quay 7 (Ballroom Feature Light),Private Client,,On track,07/04/2026
made-singita-bats,MADE : Singita BATS,Private Client,,On track,09/03/2026
made-singita-quaggas,MADE : Singita Quagga's,Private Client,,On track,09/03/2026
made-waters-edge-top-hat-costing,MADE : Waters Edge - Top Hat Costing,BOSS Architects,,On track,12/09/2025
made-wilsworth-flexiled-reading-lights,MADE : Wilsworth (Flexiled Reading Lights),Private Client,,On track,26/02/2026
mantyla-general-lighting,Mantyla,Ellis & Associates Architects,,On track,13/10/2025
mathewson-general-lighting,Mathewson,Mr Torquil Mathewson,,On track,12/03/2026
md-led-lighting,MD - LED Lighting,Private Client,,On track,29/05/2026
mountain-house-ceiling-led,Mountain House,MRGB (Pty) Ltd,,On track,17/06/2026
muirfield-ave-design,Muirfield Ave,Private Client,,On track,25/04/2026
namibia-footlights,Namibia,Bone Studio,,On track,03/07/2026
nandos-blueprint-design-fee,Nando's Blueprint - Design Fee,CHICKENLAND (PTY) LTD,,On track,09/09/2025
nandos-central-kitchen-new-work-stations,Nando's Central Kitchen,CHICKENLAND PTY (LTD),,On track,19/06/2026
nandos-head-office-nano-spots-extras,Nando's Head Office,Chickenland Pty(Ltd),,On track,16/01/2026
nandos-stellenbosch-boh-kitchen-downlights-option-1,Nando's Stellenbosch,Chickenland Pty (Ltd),,On track,03/07/2026
nandos-tygervalley-design-fee,Nando's Tygervalley,Nando’s Chickenland (Pty) Ltd,,On track,01/06/2026
nandos-stellenbosch-interior-architectural-lighting,Nandos Stellenbosch,Chickenland Pty (Ltd),,On track,23/01/2026
nettleton-16,Nettleton 16,MRICS,,On track,25/10/2024
nettleton-38-product,Nettleton 38,Overvue,,On track,25/04/2026
ocean-electrical-art-spots,Ocean Electrical (Art Spots),Ocean Electrical,,On track,05/06/2026
og-showroom-track-spot,OG Showroom,Haptik (Pty)Ltd t\a Officine,,On track,13/02/2026
ollewagen-design-fee,Ollewagen,Christo Ollewagen,,On track,21/06/2022
omoya-hospitality-villa-design-fee,Omoya Hospitality Villa,Weylandts Property Holdings (Pty) Ltd,,On track,05/05/2026
omoyo-product,Omoyo,Private Client,,On track,25/04/2026
onrus-design-fee,Onrus,Watermarc,,On track,05/11/2024
oster-switches,Oster,Ellis & Associates,,On track,03/02/2025
ovd-541-bar-led,OVD 541,Mr.Dirk Stroeer,,On track,02/10/2025
owloon-art-spots,Owloon,Clinton Savage Interiors,,On track,17/02/2026
patel-decorative-lighting,Patel,Loredana Morton Interiors,,On track,22/10/2025
philip-olmesdahl-desk-lamp,Philip Olmesdahl,SAOTA,,On track,30/04/2026
pinetree-crescent-architectural-led-lighting,Pinetree Crescent,SAOTA,,On track,13/02/2026
rd-led-demo-ceiling-and-joinery,R&D - LED Demo (Ceiling and Joinery),One to One,,On track,25/06/2026
rd-led-demo-wellshow-led,R&D - LED Demo (Wellshow LED),One to One,,On track,26/06/2026
ramenhead-ceiling-micro-track,Ramenhead,Boschendal,,On track,30/06/2026
reid-exterior-downlighters,Reid,Zs Architects,,On track,10/03/2026
reid-stanford-decorative-lighting,Reid Stanford,Zs Architects,,On track,10/06/2026
replacements-kalahari-brown-wall-lights,Replacements Kalahari,MDSA Projects & Construction Management,,On track,18/12/2025
restio-river-house-games-room-replacement-track-light,Restio River House,SAOTA,,On track,24/07/2025
reyburn-general-lighting,Reyburn,Wynand Wilsenach Architects,,On track,03/10/2025
rickety-bridge-luxeline-wall-light,Rickety Bridge,Luxeline,,On track,23/06/2025
rietspruit-architectural-lighting,Rietspruit,SAOTA,,On track,03/03/2026
river-house-architectural-lighting,River House,SAOTA,,On track,01/04/2025
rob-sylvester-home-ceiling-step-led,Rob Sylvester Home,Rob Sylvester,,On track,20/08/2025
robert-ag-landscape-lighting-options,Robert AG,Robert AG,,On track,18/11/2025
rory-trollip-general-lighting,Rory Trollip,Rory Trollip,,On track,25/06/2026
roux-general-lighting,Roux,House Of Kitchens,,On track,15/05/2026
saad-landscape-lighting,Saad,Ashleigh Saad,,On track,03/07/2025
sanctuary-5-ceiling-lighting,Sanctuary 5,Three14 Architects,,On track,15/04/2026
saota-libraryextras-1,SAOTA,Saota,,On track,14/04/2026
sassoon-general-lighting,Sassoon,Jacobs Parker Architecture,,On track,27/02/2026
sea-hare-ceiling-led,Sea Hare,Woodwork Specialist,,On track,02/06/2026
seerus-design-fee,Seerus,Malherbe Rust Architects,,On track,14/03/2023
sikwila-basement-ceiling-led,Sikwila,Steyn City,,On track,19/06/2026
silverboom-kloof-guest-lodgesextra-drivers,Silverboom Kloof,OBW Family Trust,,On track,17/04/2026
singita-freight-to-pretoria,Singita,Private Client,,On track,19/02/2026
south-villa-602-gym-replacement-led,South Villa 602,Studio Good,,On track,06/03/2024
southern-guild-led-lamps,Southern Guild,Southern Guild,,On track,22/06/2026
spier-main-building-general-lighting-first-floor-roof-bar-phase-1,Spier Main Building,Fusion,,On track,16/09/2024
spier-villa-2-general-lighting,Spier Villa 2,Fusion,,On track,03/12/2024
spier-wine-farm-led,Spier Wine Farm,Fusion,,On track,10/09/2024
st-francis-dmx-cable,St Francis,Rob Sylvester,,On track,04/11/2025
stanford-house-corfe,Stanford (House Corfe),Grant Anderson,,On track,29/01/2026
steenberg-exterior-lighting-return-to-supplier,Steenberg,Private Client,,On track,15/09/2025
stefan-pool-table-light,Stefan,Private Client,,On track,01/06/2026
stefan-antoni-general-lighting-floor-lamp,Stefan Antoni,SAOTA,,On track,19/05/2026
stellenbosch-nandos-exterior-features-drive-through-design-fee,Stellenbosch Nando's,CHICKENLAND (PTY) LTD,,On track,09/09/2025
stengl-extras-1,Stengl,Dominique Stengle,,On track,25/06/2026
stillbaai-sp18-bollards,StillBaai SP18,Stefan Antoni,,On track,13/03/2026
stoep-huis-ceiling-fans,Stoep Huis,Ludwig Hansen Architects,,On track,20/10/2025
strydom-landscape-replacement,Strydom,DC Architects,,On track,08/05/2026
stylianou-ceiling-led,Stylianou,Grobler Architects,,On track,13/05/2026
sv1-backlit-marble-extras-3,SV1,Svelte Holdings,,On track,11/12/2025
swallows-nest-attic-stock,Swallows Nest,HFO,,On track,19/01/2026
swanepoel-exterior-wall-lights-extras,Swanepoel,Wynand Wilsenach Architects,,On track,16/03/2026
swartzberg-decorative-lighting,Swartzberg,Ellis & Associates,,On track,11/05/2026
,Tambor 9,,,On track,TBD
taryn-van-rooyen-general-lightingspike-lights,Taryn Van Rooyen,Chapmans Seafood Company,,On track,25/06/2026
the-president-hotel-conference-room-leds,The President Hotel,The President Hotel,,On track,03/07/2026
tim-harbich-facade-led,Tim Harbich,Dc Architects,,On track,05/09/2025
topat-replacement-fittings-and-led,Topat,Private Client,,On track,26/02/2026
topat-simons-town-wall-light-replacement-spares,Topat Simons Town,Yves Electrical,,On track,01/12/2025
twin-towers-picture-light,Twin Towers,John Jacob Interiors,,On track,04/05/2026
union-house-consulting-design-fee,Union House,Private Client,,On track,30/07/2025
upper-albert-faulty-replacement-spikes,Upper Albert,SAOTA,,On track,27/10/2025
,Upper Primrose,,,On track,TBD
van-niekerk-replacement-landscape-drivers,Van Niekerk,Bright Idea Electrical,,On track,24/11/2025
van-ryns-brandy-distillery-tasting-room,Van Ryn's Brandy,Van Ryn's,,On track,04/05/2026
villa-hk-design-fee,Villa HK,Kapset Group,,On track,10/06/2026
villa-r11-international-design-fee,Villa R11,KOA,,On track,05/12/2024
,Villa Z,,,On track,TBD
waters-edge-26-design-fee,Water's Edge 26,Boss Artichects,,On track,26/05/2022
waters-edge-28,Waters Edge 28,Boss Artichects,,On track,25/04/2024
wynand-wilsenach-architects-led-drivers-for-wynand,Wynand Wilsenach Architects (LED Drivers For Wynand),Wynand Wilsenach Architects,,On track,17/06/2026
wynand-wilsenacht-architects-spike-lights-for-wynand,Wynand Wilsenacht Architects (Spike Lights For Wynand),Wynand Wilsenacht Architects,,On track,08/06/2026
new-project,,,Dani,Draft,—