Quote ID (Do Not Change),Current Quote Name,New Quote Name (Change this!),Linked Project Name,Linked Project Key
PO-2026-6587,General Spec,Demo Project,Demo Project,demo-project
PO-2026-7924,General Spec,Britz,Britz,britz
PO-LEGACY-10-sugarbird-lane-exterior-replacements,General Spec,10 Sugarbird Lane (Exterior Replacements),10 Sugarbird Lane (Exterior Replacements),10-sugarbird-lane-exterior-replacements
PO-LEGACY-119a-kloof-nek-road-replacements,General Spec,119a Kloof Nek Road (Replacements),119a Kloof Nek Road (Replacements),119a-kloof-nek-road-replacements
PO-LEGACY-127-dummer-street-general-lightingextras-1,General Spec, 127 Dummer Street (General Lighting)(Extras 1), 127 Dummer Street (General Lighting)(Extras 1),127-dummer-street-general-lightingextras-1
PO-LEGACY-127-dummer-street-general-lighting-extras-2,General Spec,127 Dummer Street (General Lighting) (Extras 2),127 Dummer Street (General Lighting) (Extras 2),127-dummer-street-general-lighting-extras-2
PO-LEGACY-16-trade-winds-exterior-lighting,General Spec,16 Trade Winds (Exterior Lighting),16 Trade Winds (Exterior Lighting),16-trade-winds-exterior-lighting
PO-LEGACY-1-stern-close-spike-lights,General Spec,1 Stern Close (Spike Lights),1 Stern Close (Spike Lights),1-stern-close-spike-lights
PO-LEGACY-2138-house-bryson-ceiling-led,General Spec,2138 House Bryson (Ceiling Led),2138 House Bryson (Ceiling Led),2138-house-bryson-ceiling-led
PO-LEGACY-2138-house-bryson-general-lighting,General Spec,2138 House Bryson (General Lighting),2138 House Bryson (General Lighting),2138-house-bryson-general-lighting
PO-LEGACY-25-primrose-ave-12-linear-light,General Spec,25 Primrose Ave (1.2 Linear Light),25 Primrose Ave (1.2 Linear Light),25-primrose-ave-12-linear-light
PO-LEGACY-264-ovd-landscape-lighting,General Spec,264 OVD (Landscape Lighting),264 OVD (Landscape Lighting),264-ovd-landscape-lighting
PO-LEGACY-301-val-de-vie-landscape-lighting,General Spec,301 Val De Vie (Landscape Lighting),301 Val De Vie (Landscape Lighting),301-val-de-vie-landscape-lighting
PO-LEGACY-33-kerzner-estate-design-fee,General Spec,33 Kerzner Estate (Design Fee),33 Kerzner Estate (Design Fee),33-kerzner-estate-design-fee
PO-LEGACY-33-kerzner-fualty-replacement,General Spec,33 Kerzner (Fualty Replacement),33 Kerzner (Fualty Replacement),33-kerzner-fualty-replacement
PO-LEGACY-35-kensington-crescent-design-fee,General Spec,35 Kensington Crescent (Design Fee),35 Kensington Crescent (Design Fee),35-kensington-crescent-design-fee
PO-LEGACY-35-kensington-cres-decorative-lighting,General Spec,35 Kensington Cres (Decorative Lighting),35 Kensington Cres (Decorative Lighting),35-kensington-cres-decorative-lighting
PO-LEGACY-35-kensington-cres-landscape-lighting,General Spec,35 Kensington Cres (Landscape Lighting),35 Kensington Cres (Landscape Lighting),35-kensington-cres-landscape-lighting
PO-LEGACY-402-bantry-rocks-led-lighting,General Spec,402 Bantry Rocks (LED Lighting),402 Bantry Rocks (LED Lighting),402-bantry-rocks-led-lighting
PO-LEGACY-4352-atlantic-beach-estate-consultation-fee,General Spec,4352 Atlantic Beach Estate - Consultation Fee,4352 Atlantic Beach Estate - Consultation Fee,4352-atlantic-beach-estate-consultation-fee
PO-LEGACY-45-victoria-apartment-portfolio-x1-unit-design-fee,General Spec,45 Victoria - Apartment Portfolio  x1 Unit ( Design Fee),45 Victoria - Apartment Portfolio  x1 Unit ( Design Fee),45-victoria-apartment-portfolio-x1-unit-design-fee
PO-LEGACY-45-victoria-apartment-product-est,General Spec,45 Victoria - Apartment (Product ) EST,45 Victoria - Apartment (Product ) EST,45-victoria-apartment-product-est
PO-LEGACY-45-victoria-apartment-signature-design-fee,General Spec,45 Victoria - Apartment Signature( Design Fee),45 Victoria - Apartment Signature( Design Fee),45-victoria-apartment-signature-design-fee
PO-LEGACY-45-victoria-common-areas-signature-design-design-fee,General Spec,45 Victoria -Common areas Signature Design ( Design Fee),45 Victoria -Common areas Signature Design ( Design Fee),45-victoria-common-areas-signature-design-design-fee
PO-LEGACY-45-victoria-penthouse-design-fee,General Spec,45 Victoria - penthouse -Design Fee,45 Victoria - penthouse -Design Fee,45-victoria-penthouse-design-fee
PO-LEGACY-45-victoria-penthouse-product-est,General Spec,45 Victoria - Penthouse  (Product ) EST,45 Victoria - Penthouse  (Product ) EST,45-victoria-penthouse-product-est
PO-LEGACY-46-sedgemoor-rd-camps-bay,General Spec,"46 Sedgemoor Rd, Camps Bay","46 Sedgemoor Rd, Camps Bay",46-sedgemoor-rd-camps-bay
PO-LEGACY-46-sedgemoor-rd-ceiling-step-led-lighting,General Spec,46 Sedgemoor Rd (Ceiling & Step LED Lighting),46 Sedgemoor Rd (Ceiling & Step LED Lighting),46-sedgemoor-rd-ceiling-step-led-lighting
PO-LEGACY-46-sedgemoor-rd-general-lighting,General Spec,46 Sedgemoor Rd (General Lighting),46 Sedgemoor Rd (General Lighting),46-sedgemoor-rd-general-lighting
PO-LEGACY-46-sedgemoor-rd-landscape-lighting,General Spec,46 Sedgemoor Rd (Landscape Lighting),46 Sedgemoor Rd (Landscape Lighting),46-sedgemoor-rd-landscape-lighting
PO-LEGACY-4-peach-lane-extra-floods,General Spec,4 Peach Lane (Extra Floods),4 Peach Lane (Extra Floods),4-peach-lane-extra-floods
PO-LEGACY-551-attic-stock,General Spec,551 (Attic Stock),551 (Attic Stock),551-attic-stock
PO-LEGACY-58-sunset-design-fee,General Spec,58 Sunset (Design Fee),58 Sunset (Design Fee),58-sunset-design-fee
PO-LEGACY-58-sunset-extra-fittings-2-credit,General Spec,58 Sunset (Extra Fittings 2) (Credit),58 Sunset (Extra Fittings 2) (Credit),58-sunset-extra-fittings-2-credit
PO-LEGACY-58-sunset-joinery-led-and-assembly,General Spec,58 Sunset (Joinery LED and Assembly),58 Sunset (Joinery LED and Assembly),58-sunset-joinery-led-and-assembly
PO-LEGACY-58-sunset-linear-pendant,General Spec,58 Sunset (Linear Pendant),58 Sunset (Linear Pendant),58-sunset-linear-pendant
PO-LEGACY-58-sunset-pj-lounge-joinery-led,General Spec,58 Sunset (PJ Lounge Joinery LED),58 Sunset (PJ Lounge Joinery LED),58-sunset-pj-lounge-joinery-led
PO-LEGACY-58-sunset-required-drivers,General Spec,58 Sunset (Required Drivers),58 Sunset (Required Drivers),58-sunset-required-drivers
PO-LEGACY-59-strathmore-design-fee,General Spec,59 Strathmore (Design Fee),59 Strathmore (Design Fee),59-strathmore-design-fee
PO-LEGACY-602-clifton-terraces-additional-art-spots,General Spec,602 Clifton Terraces (Additional Art Spots),602 Clifton Terraces (Additional Art Spots),602-clifton-terraces-additional-art-spots
PO-LEGACY-67-ocean-view-drive-general-lighting,General Spec,67 Ocean View Drive (General Lighting),67 Ocean View Drive (General Lighting),67-ocean-view-drive-general-lighting
PO-LEGACY-6-ave-glen-lamps-pergola-lighting,General Spec,6 Ave Glen (Lamps & Pergola Lighting),6 Ave Glen (Lamps & Pergola Lighting),6-ave-glen-lamps-pergola-lighting
PO-LEGACY-6-ave-glen-lanscape-lighting-extras,General Spec,6 Ave Glen (Lanscape Lighting Extras),6 Ave Glen (Lanscape Lighting Extras),6-ave-glen-lanscape-lighting-extras
PO-LEGACY-6-ave-glen-led-extras-3,General Spec, 6 Ave Glen (LED Extras 3), 6 Ave Glen (LED Extras 3),6-ave-glen-led-extras-3
PO-LEGACY-6-ave-glen-replacement-landscape-fittings,General Spec,6 Ave Glen (Replacement Landscape Fittings),6 Ave Glen (Replacement Landscape Fittings),6-ave-glen-replacement-landscape-fittings
PO-LEGACY-6-ave-glen-replacements-for-landscape-lighting,General Spec,6 Ave Glen (Replacements For Landscape Lighting),6 Ave Glen (Replacements For Landscape Lighting),6-ave-glen-replacements-for-landscape-lighting
PO-LEGACY-6-glen-avenue-design-fee,General Spec,6 Glen Avenue (Design Fee),6 Glen Avenue (Design Fee),6-glen-avenue-design-fee
PO-LEGACY-abendanon-led-driversreplacement,General Spec,Abendanon (LED Drivers)(Replacement),Abendanon (LED Drivers)(Replacement),abendanon-led-driversreplacement
PO-LEGACY-alex-cotchobos-general-lighting,General Spec,Alex Cotchobos (General Lighting),Alex Cotchobos (General Lighting),alex-cotchobos-general-lighting
PO-LEGACY-andrea-cilloniz-extra-track-feeds,General Spec,Andrea Cilloniz (Extra Track Feeds),Andrea Cilloniz (Extra Track Feeds),andrea-cilloniz-extra-track-feeds
PO-LEGACY-apartment-viljoen-pool-led,General Spec,Apartment Viljoen (Pool LED),Apartment Viljoen (Pool LED),apartment-viljoen-pool-led
PO-LEGACY-arum-3-wire-track-lighting,General Spec,Arum (3-Wire Track Lighting),Arum (3-Wire Track Lighting),arum-3-wire-track-lighting
PO-LEGACY-arum-black-sprayed-replacement-spot,General Spec,Arum (Black Sprayed Replacement Spot),Arum (Black Sprayed Replacement Spot),arum-black-sprayed-replacement-spot
PO-LEGACY-arum-boschendal-switching,General Spec,Arum Boschendal (Switching),Arum Boschendal (Switching),arum-boschendal-switching
PO-LEGACY-arum-decorative-lighting,General Spec,Arum (Decorative Lighting),Arum (Decorative Lighting),arum-decorative-lighting
PO-LEGACY-arum-general-lighting,General Spec,Arum (General Lighting),Arum (General Lighting),arum-general-lighting
PO-LEGACY-arum-led-labour-fee,General Spec,Arum (LED Labour Fee),Arum (LED Labour Fee),arum-led-labour-fee
PO-LEGACY-arum-restaurant-automation-consultation,General Spec,Arum Restaurant  (Automation Consultation),Arum Restaurant  (Automation Consultation),arum-restaurant-automation-consultation
PO-LEGACY-atlantic-beach-architectural-lighting,General Spec,Atlantic Beach (Architectural Lighting),Atlantic Beach (Architectural Lighting),atlantic-beach-architectural-lighting
PO-LEGACY-atlantic-beach-ceiling-step-led-lighting,General Spec,Atlantic Beach (Ceiling & Step LED Lighting),Atlantic Beach (Ceiling & Step LED Lighting),atlantic-beach-ceiling-step-led-lighting
PO-LEGACY-atlantic-beach-plugsautomation,General Spec,Atlantic Beach (Plugs)(Automation),Atlantic Beach (Plugs)(Automation),atlantic-beach-plugsautomation
PO-LEGACY-atlantic-beach-switching,General Spec,Atlantic Beach (Switching),Atlantic Beach (Switching),atlantic-beach-switching
PO-LEGACY-avondale-ridge-house-ceiling-led,General Spec,Avondale Ridge House (Ceiling Led),Avondale Ridge House (Ceiling Led),avondale-ridge-house-ceiling-led
PO-LEGACY-avondale-ridge-house-general-lighting,General Spec,Avondale Ridge House (General Lighting),Avondale Ridge House (General Lighting),avondale-ridge-house-general-lighting
PO-LEGACY-avondale-ridge-house-joinery-mirror-niche-led,General Spec,"Avondale Ridge House (Joinery, Mirror & Niche LED)","Avondale Ridge House (Joinery, Mirror & Niche LED)",avondale-ridge-house-joinery-mirror-niche-led
PO-LEGACY-avondale-ridge-house-landscape-lighting,General Spec,Avondale Ridge House (Landscape Lighting),Avondale Ridge House (Landscape Lighting),avondale-ridge-house-landscape-lighting
PO-LEGACY-bakoven-ceiling-led,General Spec,Bakoven (Ceiling LED),Bakoven (Ceiling LED),bakoven-ceiling-led
PO-LEGACY-bakoven-general-lighting,General Spec,Bakoven (General Lighting),Bakoven (General Lighting),bakoven-general-lighting
PO-LEGACY-bantry-place-exterior-wall-lights,General Spec,Bantry Place (Exterior Wall Lights),Bantry Place (Exterior Wall Lights),bantry-place-exterior-wall-lights
PO-LEGACY-bantry-rocks-balcony,General Spec,Bantry Rocks (Balcony),Bantry Rocks (Balcony),bantry-rocks-balcony
PO-LEGACY-bell-ceiling-led,General Spec,Bell (Ceiling Led),Bell (Ceiling Led),bell-ceiling-led
PO-LEGACY-bell-general-lighting,General Spec,Bell (General Lighting),Bell (General Lighting),bell-general-lighting
PO-LEGACY-bennett-bb-spike-lights,General Spec,Bennett (B&B Spike Lights),Bennett (B&B Spike Lights),bennett-bb-spike-lights
PO-LEGACY-bennett-ceiling-led,General Spec,Bennett (Ceiling Led),Bennett (Ceiling Led),bennett-ceiling-led
PO-LEGACY-bennett-general-lighting,General Spec,Bennett (General Lighting),Bennett (General Lighting),bennett-general-lighting
PO-LEGACY-bennett-guest-villas-joinery-led,General Spec,Bennett (Guest Villas) (Joinery LED),Bennett (Guest Villas) (Joinery LED),bennett-guest-villas-joinery-led
PO-LEGACY-bennett-guest-villas-wall-lights,General Spec,Bennett (Guest Villas) (Wall Lights),Bennett (Guest Villas) (Wall Lights),bennett-guest-villas-wall-lights
PO-LEGACY-bennett-wineyard-pathway,General Spec,Bennett (Wineyard Pathway),Bennett (Wineyard Pathway),bennett-wineyard-pathway
PO-LEGACY-berlion-general-lighting,General Spec,Berlion (General Lighting),Berlion (General Lighting),berlion-general-lighting
PO-LEGACY-berlion-joinery-led,General Spec,Berlion (Joinery LED),Berlion (Joinery LED),berlion-joinery-led
PO-LEGACY-beyond-restaurant-automation-consultation,General Spec,Beyond Restaurant (Automation Consultation),Beyond Restaurant (Automation Consultation),beyond-restaurant-automation-consultation
PO-LEGACY-bezuidenhout-basement-design-fee,General Spec,Bezuidenhout - Basement (Design Fee),Bezuidenhout - Basement (Design Fee),bezuidenhout-basement-design-fee
PO-LEGACY-bone-studio-driver,General Spec,Bone Studio - Driver ,Bone Studio - Driver ,bone-studio-driver
PO-LEGACY-boschendal-arum-site-visit-fee,General Spec,Boschendal Arum - Site Visit Fee,Boschendal Arum - Site Visit Fee,boschendal-arum-site-visit-fee
PO-LEGACY-brendan-vadas-home-exterior-wall-lights,General Spec,Brendan Vadas - Home (Exterior Wall Lights),Brendan Vadas - Home (Exterior Wall Lights),brendan-vadas-home-exterior-wall-lights
PO-LEGACY-brendan-vadas-home-exterior-wall-lightsextras,General Spec,Brendan Vadas - Home (Exterior Wall Lights)(Extras),Brendan Vadas - Home (Exterior Wall Lights)(Extras),brendan-vadas-home-exterior-wall-lightsextras
PO-LEGACY-brendan-vadas-home-exterior-wall-lightsextras2,General Spec,Brendan Vadas - Home (Exterior Wall Lights)(Extras2),Brendan Vadas - Home (Exterior Wall Lights)(Extras2),brendan-vadas-home-exterior-wall-lightsextras2
PO-LEGACY-britz-ceiling-led,General Spec,Britz (Ceiling LED),Britz,britz
PO-LEGACY-britz-decorative-lighting,General Spec,Britz (Decorative Lighting),Britz,britz
PO-LEGACY-britz-general-lighting,General Spec,Britz (General Lighting),Britz,britz
PO-LEGACY-britz-general-lighting-extras-1,General Spec,Britz (General Lighting)(Extras 1),Britz,britz
PO-LEGACY-britz-joinery-cladding-led,General Spec,Britz (Joinery Cladding LED),Britz,britz
PO-LEGACY-britz-led-extras-1,General Spec,Britz (LED Extras 1),Britz,britz
PO-LEGACY-britz-plugs,General Spec,Britz (Plugs),Britz,britz
PO-LEGACY-britz-switching,General Spec,Britz (Switching),Britz,britz
PO-LEGACY-broadoaks-rabbit-sculpture,General Spec,Broadoaks (Rabbit Sculpture),Broadoaks (Rabbit Sculpture),broadoaks-rabbit-sculpture
PO-LEGACY-broadoaks-replacements,General Spec,Broadoaks (Replacements),Broadoaks (Replacements),broadoaks-replacements
PO-LEGACY-buchu-design,General Spec,Buchu (Design),Buchu (Design),buchu-design
PO-LEGACY-buchu-house-design-proposal,General Spec,Buchu House (Design Proposal),Buchu House (Design Proposal),buchu-house-design-proposal
PO-LEGACY-buchu-mock-up-product-est,General Spec,Buchu Mock-up (Product) - EST,Buchu Mock-up (Product) - EST,buchu-mock-up-product-est
PO-LEGACY-buchu-twelve-design-proposal,General Spec,Buchu Twelve (Design Proposal),Buchu Twelve (Design Proposal),buchu-twelve-design-proposal
PO-LEGACY-buchu-villa-mock-up,General Spec,Buchu Villa (Mock Up),Buchu Villa (Mock Up),buchu-villa-mock-up
PO-LEGACY-buchu-villa-product,General Spec,Buchu Villa (Product),Buchu Villa (Product),buchu-villa-product
PO-LEGACY-camps-bay-2762-decorative-lighting,General Spec,Camps Bay 2762 (Decorative Lighting),Camps Bay 2762 (Decorative Lighting),camps-bay-2762-decorative-lighting
PO-LEGACY-camps-bay-2762-led-lighting,General Spec,Camps Bay 2762 (LED Lighting),Camps Bay 2762 (LED Lighting),camps-bay-2762-led-lighting
PO-LEGACY-canal-walk-towers-signature-design-proposal-design-fee,General Spec,Canal Walk - Towers Signature Design Proposal. (Design Fee),Canal Walk - Towers Signature Design Proposal. (Design Fee),canal-walk-towers-signature-design-proposal-design-fee
PO-LEGACY-cape-kloof-villa-floor-light-repair,General Spec,Cape Kloof Villa (Floor Light Repair),Cape Kloof Villa (Floor Light Repair),cape-kloof-villa-floor-light-repair
PO-LEGACY-carlyle-square-general-lighting,General Spec,Carlyle Square (General Lighting),Carlyle Square (General Lighting),carlyle-square-general-lighting
PO-LEGACY-chemrent-replacement-corner,General Spec,Chemrent (Replacement Corner),Chemrent (Replacement Corner),chemrent-replacement-corner
PO-LEGACY-chris-van-niekerk-bollard-drivers,General Spec,Chris Van Niekerk (Bollard Drivers),Chris Van Niekerk (Bollard Drivers),chris-van-niekerk-bollard-drivers
PO-LEGACY-clifton-bungalow-design-fee,General Spec,Clifton Bungalow (Design Fee),Clifton Bungalow (Design Fee),clifton-bungalow-design-fee
PO-LEGACY-clifton-terrace-led-extras-4,General Spec,Clifton Terrace (LED) (Extras 4),Clifton Terrace (LED) (Extras 4),clifton-terrace-led-extras-4
PO-LEGACY-clifton-terraces-601-neon-flex-replacement-outside-gym,General Spec,Clifton Terraces 601 - Neon Flex Replacement (Outside Gym),Clifton Terraces 601 - Neon Flex Replacement (Outside Gym),clifton-terraces-601-neon-flex-replacement-outside-gym
PO-LEGACY-clifton-unit-6-design-fee,General Spec,Clifton Unit 6 (Design Fee),Clifton Unit 6 (Design Fee),clifton-unit-6-design-fee
PO-LEGACY-complimentary-sleeves-for-singita-footlights,General Spec,Complimentary Sleeves for Singita Footlights,Complimentary Sleeves for Singita Footlights,complimentary-sleeves-for-singita-footlights
PO-LEGACY-cooper-extra-drivers,General Spec,Cooper (Extra Drivers),Cooper (Extra Drivers),cooper-extra-drivers
PO-LEGACY-cooper-wall-light-replacement,General Spec,Cooper (Wall Light Replacement),Cooper (Wall Light Replacement),cooper-wall-light-replacement
PO-LEGACY-cotchobos-31-thistle-decorative-lighting,General Spec,Cotchobos 31 Thistle (Decorative Lighting),Cotchobos 31 Thistle (Decorative Lighting),cotchobos-31-thistle-decorative-lighting
PO-LEGACY-cox-ceiling-led,General Spec,Cox (Ceiling Led),Cox (Ceiling Led),cox-ceiling-led
PO-LEGACY-cox-general-lighting,General Spec,Cox (General Lighting),Cox (General Lighting),cox-general-lighting
PO-LEGACY-decorex-marketing-account-internal,General Spec,Decorex (Marketing Account) - Internal,Decorex (Marketing Account) - Internal,decorex-marketing-account-internal
PO-LEGACY-delaire-graff-design-fee,General Spec,Delaire Graff (Design Fee),Delaire Graff (Design Fee),delaire-graff-design-fee
PO-LEGACY-delaire-graff-estate-entrance-lobby-passage-art,General Spec,Delaire Graff Estate (Entrance Lobby & Passage Art),Delaire Graff Estate (Entrance Lobby & Passage Art),delaire-graff-estate-entrance-lobby-passage-art
PO-LEGACY-delaire-graff-estate-hoseki-spots,General Spec,Delaire Graff Estate (Hoseki Spots),Delaire Graff Estate (Hoseki Spots),delaire-graff-estate-hoseki-spots
PO-LEGACY-delaire-graff-estate-landscape-exterior,General Spec,Delaire Graff Estate (Landscape & Exterior),Delaire Graff Estate (Landscape & Exterior),delaire-graff-estate-landscape-exterior
PO-LEGACY-delaire-graff-estate-owners-villa-fittings,General Spec,Delaire Graff Estate (Owners Villa Fittings),Delaire Graff Estate (Owners Villa Fittings),delaire-graff-estate-owners-villa-fittings
PO-LEGACY-delaire-graff-estate-owners-villa-picture-light,General Spec,Delaire Graff Estate (Owners Villa Picture Light),Delaire Graff Estate (Owners Villa Picture Light),delaire-graff-estate-owners-villa-picture-light
PO-LEGACY-delaire-graff-estate-owners-villa-track-spots,General Spec,Britz,Britz,britz
PO-LEGACY-delaire-graff-estate-passage-track-driver-faulty-replacement,General Spec,Delaire Graff Estate (Passage Track Driver) Faulty replacement,Delaire Graff Estate (Passage Track Driver) Faulty replacement,delaire-graff-estate-passage-track-driver-faulty-replacement
PO-LEGACY-delaire-graff-estate-replacement-garden-pot-driver,General Spec,Delaire Graff Estate (Replacement Garden Pot Driver),Delaire Graff Estate (Replacement Garden Pot Driver),delaire-graff-estate-replacement-garden-pot-driver
PO-LEGACY-delaire-graff-estate-replacement-track-lights,General Spec,Delaire Graff Estate (Replacement Track Lights),Delaire Graff Estate (Replacement Track Lights),delaire-graff-estate-replacement-track-lights
PO-LEGACY-delaire-graff-estate-replacement-wine-lounge-track-driver,General Spec,Delaire Graff Estate (Replacement Wine Lounge track Driver),Delaire Graff Estate (Replacement Wine Lounge track Driver),delaire-graff-estate-replacement-wine-lounge-track-driver
PO-LEGACY-delaire-graff-estate-retail-area,General Spec,Delaire Graff Estate (Retail Area),Delaire Graff Estate (Retail Area),delaire-graff-estate-retail-area
PO-LEGACY-delaire-graff-general-lighting-attic-stock,General Spec,Delaire Graff (General Lighting) (Attic Stock),Delaire Graff (General Lighting) (Attic Stock),delaire-graff-general-lighting-attic-stock
PO-LEGACY-delaire-graff-general-lightingfirst-order,General Spec,Delaire Graff (General Lighting)(First Order),Delaire Graff (General Lighting)(First Order),delaire-graff-general-lightingfirst-order
PO-LEGACY-delaire-graff-general-lightingfirst-order-final-revised-order,General Spec,Delaire Graff (General Lighting)(First Order) - Final Revised Order,Delaire Graff (General Lighting)(First Order) - Final Revised Order,delaire-graff-general-lightingfirst-order-final-revised-order
PO-LEGACY-delaire-graff-general-lightingsecond-order,General Spec,Delaire Graff (General Lighting)(Second Order),Delaire Graff (General Lighting)(Second Order),delaire-graff-general-lightingsecond-order
PO-LEGACY-delaire-graff-general-lightingsecond-order-final-revised-order,General Spec,Delaire Graff (General Lighting)(Second Order) - Final Revised Order,Delaire Graff (General Lighting)(Second Order) - Final Revised Order,delaire-graff-general-lightingsecond-order-final-revised-order
PO-LEGACY-delaire-graff-general-lightingthird-order-final-revised-order,General Spec,Delaire Graff (General Lighting)(Third Order) - Final Revised Order,Delaire Graff (General Lighting)(Third Order) - Final Revised Order,delaire-graff-general-lightingthird-order-final-revised-order
PO-LEGACY-delaire-graff-joinery-extrasvitrine-display-case,General Spec, Delaire Graff (Joinery Extras)(Vitrine Display Case), Delaire Graff (Joinery Extras)(Vitrine Display Case),delaire-graff-joinery-extrasvitrine-display-case
PO-LEGACY-delaire-graff-ledjoinery-extras,General Spec,Delaire Graff (LED)(Joinery Extras),Delaire Graff (LED)(Joinery Extras),delaire-graff-ledjoinery-extras
PO-LEGACY-delaire-graff-new-area-design-fee-phase-3,General Spec,Delaire Graff (New Area Design Fee )(Phase 3),Delaire Graff (New Area Design Fee )(Phase 3),delaire-graff-new-area-design-fee-phase-3
PO-LEGACY-delaire-graff-new-area-fine-dining-restaurantwine-cellar,General Spec,Delaire Graff New area (Fine dining restaurant/wine cellar),Delaire Graff New area (Fine dining restaurant/wine cellar),delaire-graff-new-area-fine-dining-restaurantwine-cellar
PO-LEGACY-delaire-graff-spa-pool,General Spec,Delaire Graff Spa pool,Delaire Graff Spa pool,delaire-graff-spa-pool
PO-LEGACY-den-dulk-botmaskop-design-fee,General Spec,Den Dulk - Botmaskop (Design Fee),Den Dulk - Botmaskop (Design Fee),den-dulk-botmaskop-design-fee
PO-LEGACY-dents-electrical-steenberg-golf-estate-focs,General Spec,Dents Electrical (Steenberg Golf Estate) (FOCs),Dents Electrical (Steenberg Golf Estate) (FOCs),dents-electrical-steenberg-golf-estate-focs
PO-LEGACY-ewerd-brand-garden-spike-lightsoption-1,General Spec,Ewerd Brand (Garden Spike Lights)(Option 1),Ewerd Brand (Garden Spike Lights)(Option 1),ewerd-brand-garden-spike-lightsoption-1
PO-LEGACY-ewerd-brand-garden-spike-lightsoption-2,General Spec,Ewerd Brand (Garden Spike Lights)(Option 2),Ewerd Brand (Garden Spike Lights)(Option 2),ewerd-brand-garden-spike-lightsoption-2
PO-LEGACY-faf-du-plessis-replacement-driver,General Spec,Faf Du Plessis (Replacement Driver),Faf Du Plessis (Replacement Driver),faf-du-plessis-replacement-driver
PO-LEGACY-faf-du-plessis-replacement-gu10-lamp,General Spec,Faf Du Plessis (Replacement GU10 Lamp),Faf Du Plessis (Replacement GU10 Lamp),faf-du-plessis-replacement-gu10-lamp
PO-LEGACY-fillemon-general-lighting,General Spec,Fillemon (General Lighting),Fillemon (General Lighting),fillemon-general-lighting
PO-LEGACY-final-shihaam-nandos-fourways-ceiling-and-joinery-led-2210,General Spec,Final Shihaam - Nando's Fourways (Ceiling and Joinery LED) - 22/10,Final Shihaam - Nando's Fourways (Ceiling and Joinery LED) - 22/10,final-shihaam-nandos-fourways-ceiling-and-joinery-led-2210
PO-LEGACY-fir-road-ceiling-joinery-led,General Spec,Fir Road (Ceiling & Joinery LED),Fir Road (Ceiling & Joinery LED),fir-road-ceiling-joinery-led
PO-LEGACY-fir-road-general-lighting,General Spec,Fir Road (General Lighting),Fir Road (General Lighting),fir-road-general-lighting
PO-LEGACY-first-fix-only-sissou-architectural-lightingstd-track,General Spec,FIRST FIX ONLY - Sissou (Architectural Lighting)(STD Track),FIRST FIX ONLY - Sissou (Architectural Lighting)(STD Track),first-fix-only-sissou-architectural-lightingstd-track
PO-LEGACY-foxcraft-decorative-pendant,General Spec,Foxcraft (Decorative Pendant),Foxcraft (Decorative Pendant),foxcraft-decorative-pendant
PO-LEGACY-foxcroft-art-spots,General Spec,Foxcroft (Art Spots),Foxcroft (Art Spots),foxcroft-art-spots
PO-LEGACY-fyn-boschendal-confirmed-fittings,General Spec,"Fyn - Boschendal (Confirmed Fittings)
","Fyn - Boschendal (Confirmed Fittings)
",fyn-boschendal-confirmed-fittings
PO-LEGACY-gallery-made,General Spec,Gallery (MADE),Gallery (MADE),gallery-made
PO-LEGACY-goldstein-general-lighting-phase-2,General Spec,Goldstein,Goldstein,goldstein-general-lighting-phase-2
PO-LEGACY-goldstein-led-driversextras,General Spec,Goldstein,Goldstein,goldstein-general-lighting-phase-2
PO-LEGACY-goldstein-led-for-braai-shelf,General Spec,Goldstein,Goldstein,goldstein-general-lighting-phase-2
PO-LEGACY-gouws-design-fee,General Spec,Gouws (Design Fee),Gouws (Design Fee),gouws-design-fee
PO-LEGACY-grobler-exterior-wall-lights,General Spec,Grobler (Exterior Wall Lights),Grobler (Exterior Wall Lights),grobler-exterior-wall-lights
PO-LEGACY-gyni-spotlight,General Spec,Gyni (Spotlight),Gyni (Spotlight),gyni-spotlight
PO-LEGACY-h29-mauritius-design-fee,General Spec,H29 - Mauritius (Design Fee),H29 - Mauritius (Design Fee),h29-mauritius-design-fee
PO-LEGACY-h8-mauritius-design-fee,General Spec,H8 - Mauritius (Design Fee),H8 - Mauritius (Design Fee),h8-mauritius-design-fee
PO-LEGACY-harbich-bic-led-library,General Spec,Harbich (Bic LED) (Library),Harbich (Bic LED) (Library),harbich-bic-led-library
PO-LEGACY-harbich-bic-led-main-bedroomassembly-fee,General Spec,Harbich (Bic LED) (Main Bedroom)(Assembly Fee),Harbich (Bic LED) (Main Bedroom)(Assembly Fee),harbich-bic-led-main-bedroomassembly-fee
PO-LEGACY-harbich-bic-leds-main-bedroom-dressing-room,General Spec,"Harbich (Bic Leds) (Main Bedroom, Dressing Room)","Harbich (Bic Leds) (Main Bedroom, Dressing Room)",harbich-bic-leds-main-bedroom-dressing-room
PO-LEGACY-harbich-bic-leds-phase-2,General Spec,Harbich (Bic Leds) (Phase 2),Harbich (Bic Leds) (Phase 2),harbich-bic-leds-phase-2
PO-LEGACY-harbich-boh-cupboard-joinery-led,General Spec,Harbich (BOH Cupboard Joinery LED),Harbich (BOH Cupboard Joinery LED),harbich-boh-cupboard-joinery-led
PO-LEGACY-harbich-boh-cupboard-joinery-led-assembly,General Spec,Harbich (BOH Cupboard Joinery LED - Assembly),Harbich (BOH Cupboard Joinery LED - Assembly),harbich-boh-cupboard-joinery-led-assembly
PO-LEGACY-harbich-boma-led-lighting,General Spec,Harbich (Boma LED Lighting),Harbich (Boma LED Lighting),harbich-boma-led-lighting
PO-LEGACY-harbich-dresser-wall-lights,General Spec,Harbich (Dresser Wall Lights),Harbich (Dresser Wall Lights),harbich-dresser-wall-lights
PO-LEGACY-harbich-general-lighting-extras,General Spec,Harbich (General Lighting Extras),Harbich (General Lighting Extras),harbich-general-lighting-extras
PO-LEGACY-harbich-joinery-ledextras,General Spec,Harbich (Joinery LED)(Extras),Harbich (Joinery LED)(Extras),harbich-joinery-ledextras
PO-LEGACY-harbich-joinery-ledextrasassembly-fee,General Spec,Harbich (Joinery LED)(Extras)(Assembly Fee),Harbich (Joinery LED)(Extras)(Assembly Fee),harbich-joinery-ledextrasassembly-fee
PO-LEGACY-harbich-lgf-lighting,General Spec,Harbich (LGF Lighting),Harbich (LGF Lighting),harbich-lgf-lighting
PO-LEGACY-harbich-track-connectors,General Spec,Harbich (Track Connectors),Harbich (Track Connectors),harbich-track-connectors
PO-LEGACY-haydn-ellis-wall-lights,General Spec,Haydn Ellis (Wall Lights),Haydn Ellis (Wall Lights),haydn-ellis-wall-lights
PO-LEGACY-head-office-upgrades-made,General Spec,Head Office Upgrades (MADE),Head Office Upgrades (MADE),head-office-upgrades-made
PO-LEGACY-head-rd-deville-joinery-led,General Spec,Head Rd (Deville Joinery Led),Head Rd (Deville Joinery Led),head-rd-deville-joinery-led
PO-LEGACY-head-rd-deville-joinery-ledextras-1,General Spec,Head Rd (Deville Joinery LED)(Extras 1),Head Rd (Deville Joinery LED)(Extras 1),head-rd-deville-joinery-ledextras-1
PO-LEGACY-head-rd-general-lighting-extras-1,General Spec,Head Rd (General Lighting) (Extras 1),Head Rd (General Lighting) (Extras 1),head-rd-general-lighting-extras-1
PO-LEGACY-head-rd-led-lighting,General Spec,Head Rd (LED Lighting),Head Rd (LED Lighting),head-rd-led-lighting
PO-LEGACY-head-rd-led-lightingextras,General Spec,Head Rd (LED Lighting)(Extras),Head Rd (LED Lighting)(Extras),head-rd-led-lightingextras
PO-LEGACY-head-road-general-lighting,General Spec,Head Road (General Lighting),Head Road (General Lighting),head-road-general-lighting
PO-LEGACY-head-road-led,General Spec,Head Road (Led),Head Road (Led),head-road-led
PO-LEGACY-hely-helga-cabinet-lights,General Spec,Hely Helga (Cabinet Lights),Hely Helga (Cabinet Lights),hely-helga-cabinet-lights
PO-LEGACY-hely-helga-downlights,General Spec,Hely Helga (Downlights),Hely Helga (Downlights),hely-helga-downlights
PO-LEGACY-hickman-general-light-downlights,General Spec,Hickman (General Light) (Downlights),Hickman (General Light) (Downlights),hickman-general-light-downlights
PO-LEGACY-higgo-road-driver-extras,General Spec,Higgo Road (Driver Extras),Higgo Road (Driver Extras),higgo-road-driver-extras
PO-LEGACY-hotel-amalfi-mock-up-room-door-signage-led,General Spec,Hotel Amalfi - Mock up room (Door Signage LED),Hotel Amalfi - Mock up room (Door Signage LED),hotel-amalfi-mock-up-room-door-signage-led
PO-LEGACY-house-a-decorative-picture-light,General Spec,House A (Decorative Picture Light),House A (Decorative Picture Light),house-a-decorative-picture-light
PO-LEGACY-house-a-general-lightingextra-lamps,General Spec,House A (General Lighting)(Extra Lamps),House A (General Lighting)(Extra Lamps),house-a-general-lightingextra-lamps
PO-LEGACY-house-bastiaan-koster-new-bollards,General Spec,House Bastiaan Koster (New Bollards),House Bastiaan Koster (New Bollards),house-bastiaan-koster-new-bollards
PO-LEGACY-house-bastiaan-koster-serviced-bollards,General Spec,House Bastiaan Koster (Serviced Bollards),House Bastiaan Koster (Serviced Bollards),house-bastiaan-koster-serviced-bollards
PO-LEGACY-house-botha-ceiling-led,General Spec,House Botha (Ceiling LED),House Botha (Ceiling LED),house-botha-ceiling-led
PO-LEGACY-house-botha-decorative-lighting,General Spec,House Botha (Decorative Lighting),House Botha (Decorative Lighting),house-botha-decorative-lighting
PO-LEGACY-house-botha-entrance-dining,General Spec,House Botha (Entrance & Dining),House Botha (Entrance & Dining),house-botha-entrance-dining
PO-LEGACY-house-botha-fibre-lighting-professional,General Spec,House Botha - Fibre Lighting (Professional),House Botha - Fibre Lighting (Professional),house-botha-fibre-lighting-professional
PO-LEGACY-house-botha-garage-downlights-new,General Spec,House Botha (Garage Downlights) NEW,House Botha (Garage Downlights) NEW,house-botha-garage-downlights-new
PO-LEGACY-house-botha-garage-leds-downlights,General Spec,House Botha (Garage LEDS & Downlights),House Botha (Garage LEDS & Downlights),house-botha-garage-leds-downlights
PO-LEGACY-house-botha-joinery-led-basement,General Spec,House Botha (Joinery LED) - BASEMENT,House Botha (Joinery LED) - BASEMENT,house-botha-joinery-led-basement
PO-LEGACY-house-botha-joinery-led-first-floor,General Spec,House Botha (Joinery LED) - FIRST FLOOR,House Botha (Joinery LED) - FIRST FLOOR,house-botha-joinery-led-first-floor
PO-LEGACY-house-botha-joinery-led-ground-floor,General Spec,House Botha (Joinery LED) - GROUND FLOOR,House Botha (Joinery LED) - GROUND FLOOR,house-botha-joinery-led-ground-floor
PO-LEGACY-house-botha-joinery-led-laundry-cottage,General Spec,House Botha (Joinery LED) - LAUNDRY & COTTAGE,House Botha (Joinery LED) - LAUNDRY & COTTAGE,house-botha-joinery-led-laundry-cottage
PO-LEGACY-house-botha-new-decorative-,General Spec,House Botha (New Decorative ),House Botha (New Decorative ),house-botha-new-decorative-
PO-LEGACY-house-cooper-replacements,General Spec,House Cooper (Replacements),House Cooper (Replacements),house-cooper-replacements
PO-LEGACY-house-de-klerk-design-proposal,General Spec,House De Klerk (Design Proposal),House De Klerk (Design Proposal),house-de-klerk-design-proposal
PO-LEGACY-house-fleming-architectural-lighting,General Spec,House Fleming (Architectural Lighting),House Fleming (Architectural Lighting),house-fleming-architectural-lighting
PO-LEGACY-house-fleming-ceiling-step-joinery-niche-led-lighting,General Spec,"House Fleming (Ceiling, Step, Joinery & Niche Led Lighting)","House Fleming (Ceiling, Step, Joinery & Niche Led Lighting)",house-fleming-ceiling-step-joinery-niche-led-lighting
PO-LEGACY-house-fleming-consultation-fee,General Spec,House Fleming (Consultation Fee),House Fleming (Consultation Fee),house-fleming-consultation-fee
PO-LEGACY-house-fleming-exterior-landscape-lighting,General Spec,House Fleming (Exterior & Landscape Lighting),House Fleming (Exterior & Landscape Lighting),house-fleming-exterior-landscape-lighting
PO-LEGACY-house-harbich-plugs-updated,General Spec,House Harbich (Plugs Updated),House Harbich (Plugs Updated),house-harbich-plugs-updated
PO-LEGACY-house-koekemoer,General Spec,House Koekemoer,House Koekemoer,house-koekemoer
PO-LEGACY-house-kooi-general-lighting,General Spec,House Kooi (General Lighting),House Kooi (General Lighting),house-kooi-general-lighting
PO-LEGACY-house-kooi-home-automation-switching-option-1,General Spec,House Kooi (Home Automation & Switching) (Option 1),House Kooi (Home Automation & Switching) (Option 1),house-kooi-home-automation-switching-option-1
PO-LEGACY-house-kooi-home-automation-switching-option-2,General Spec,House Kooi - Home Automation & Switching (Option 2),House Kooi - Home Automation & Switching (Option 2),house-kooi-home-automation-switching-option-2
PO-LEGACY-house-kooi-led-strips,General Spec,House Kooi (LED Strips),House Kooi (LED Strips),house-kooi-led-strips
PO-LEGACY-house-kooi-sockets-option-1,General Spec,House Kooi (Sockets) (Option 1),House Kooi (Sockets) (Option 1),house-kooi-sockets-option-1
PO-LEGACY-house-kooi-sockets-option-2,General Spec,House Kooi (Sockets) (Option 2),House Kooi (Sockets) (Option 2),house-kooi-sockets-option-2
PO-LEGACY-house-kubili-ceiling-led-lighting,General Spec,House Kubili (Ceiling LED Lighting),House Kubili (Ceiling LED Lighting),house-kubili-ceiling-led-lighting
PO-LEGACY-house-kubili-general-lighting,General Spec,House Kubili (General Lighting),House Kubili (General Lighting),house-kubili-general-lighting
PO-LEGACY-house-kubili-joinery-led-lighting,General Spec,House Kubili (Joinery LED Lighting),House Kubili (Joinery LED Lighting),house-kubili-joinery-led-lighting
PO-LEGACY-house-loy-decorative-lighting,General Spec,House Loy (Decorative Lighting),House Loy (Decorative Lighting),house-loy-decorative-lighting
PO-LEGACY-house-loy-extra-driver,General Spec,House Loy (Extra Driver),House Loy (Extra Driver),house-loy-extra-driver
PO-LEGACY-house-loy-ledextras1,General Spec,House Loy (LED)(Extras1),House Loy (LED)(Extras1),house-loy-ledextras1
PO-LEGACY-house-loy-noordhoek-design-fees,General Spec,House Loy (Noordhoek) - Design Fees,House Loy (Noordhoek) - Design Fees,house-loy-noordhoek-design-fees
PO-LEGACY-house-madden-bedside-replacement,General Spec,House Madden (Bedside Replacement),House Madden (Bedside Replacement),house-madden-bedside-replacement
PO-LEGACY-house-meershoek-consultation-fee,General Spec,House Meershoek (Consultation Fee),House Meershoek (Consultation Fee),house-meershoek-consultation-fee
PO-LEGACY-house-meershoek-extra-art-spot-drivers,General Spec,House Meershoek (Extra Art Spot Drivers),House Meershoek (Extra Art Spot Drivers),house-meershoek-extra-art-spot-drivers
PO-LEGACY-house-meershoek-extra-downlights,General Spec,House Meershoek (Extra Downlights),House Meershoek (Extra Downlights),house-meershoek-extra-downlights
PO-LEGACY-house-meershoek-extra-exterior-wall-lights,General Spec,House Meershoek (Extra Exterior Wall Lights),House Meershoek (Extra Exterior Wall Lights),house-meershoek-extra-exterior-wall-lights
PO-LEGACY-house-meershoek-general-lighting,General Spec,House Meershoek (General Lighting),House Meershoek (General Lighting),house-meershoek-general-lighting
PO-LEGACY-house-meershoek-general-lighting-extra-footlights,General Spec,House Meershoek - General Lighting (Extra Footlights),House Meershoek - General Lighting (Extra Footlights),house-meershoek-general-lighting-extra-footlights
PO-LEGACY-house-meershoek-lantern-glass-tubereplacement,General Spec,House Meershoek (Lantern Glass Tube)(Replacement),House Meershoek (Lantern Glass Tube)(Replacement),house-meershoek-lantern-glass-tubereplacement
PO-LEGACY-house-meershoek-track-light-extra,General Spec,House Meershoek (Track Light Extra),House Meershoek (Track Light Extra),house-meershoek-track-light-extra
PO-LEGACY-house-of-kitchens-general-lighting-footlights,General Spec,House Of Kitchens - General Lighting (Footlights),House Of Kitchens - General Lighting (Footlights),house-of-kitchens-general-lighting-footlights
PO-LEGACY-house-of-kitchens-hide-spotlights,General Spec,House Of Kitchens (Hide Spotlights),House Of Kitchens (Hide Spotlights),house-of-kitchens-hide-spotlights
PO-LEGACY-house-of-kitchens-osprey-spotlights,General Spec,House Of Kitchens - Osprey (Spotlights),House Of Kitchens - Osprey (Spotlights),house-of-kitchens-osprey-spotlights
PO-LEGACY-house-of-kitchens-suspended-track-system,General Spec,House Of Kitchens (Suspended Track System),House Of Kitchens (Suspended Track System),house-of-kitchens-suspended-track-system
PO-LEGACY-house-patel-architectural-lighting,General Spec,House Patel (Architectural Lighting),House Patel (Architectural Lighting),house-patel-architectural-lighting
PO-LEGACY-house-patel-architectural-lighting-extra-lamps,General Spec,House Patel (Architectural Lighting) (Extra Lamps),House Patel (Architectural Lighting) (Extra Lamps),house-patel-architectural-lighting-extra-lamps
PO-LEGACY-house-patel-decorative-chandelier,General Spec,House Patel (Decorative Chandelier),House Patel (Decorative Chandelier),house-patel-decorative-chandelier
PO-LEGACY-house-patel-general-lighting-extras-1,General Spec,House Patel (General Lighting) (Extras 1),House Patel (General Lighting) (Extras 1),house-patel-general-lighting-extras-1
PO-LEGACY-house-patel-professional-consultation-experience,General Spec,House Patel (Professional Consultation Experience),House Patel (Professional Consultation Experience),house-patel-professional-consultation-experience
PO-LEGACY-house-reed-general-lighting,General Spec,House Reed (General Lighting),House Reed (General Lighting),house-reed-general-lighting
PO-LEGACY-house-reed-landscape-lighting,General Spec,House Reed (Landscape Lighting),House Reed (Landscape Lighting),house-reed-landscape-lighting
PO-LEGACY-house-reed-step-joinery-niche-led-lighting-option-1,General Spec,"House Reed (Step, Joinery, Niche LED Lighting) (Option 1)","House Reed (Step, Joinery, Niche LED Lighting) (Option 1)",house-reed-step-joinery-niche-led-lighting-option-1
PO-LEGACY-house-rewachanda-design-fee,General Spec,House Rewachanda ( Design Fee),House Rewachanda ( Design Fee),house-rewachanda-design-fee
PO-LEGACY-house-russou-ceiling-led-lighting,General Spec,House Russou (Ceiling LED Lighting),House Russou (Ceiling LED Lighting),house-russou-ceiling-led-lighting
PO-LEGACY-house-russou-general-lighting,General Spec,House Russou (General Lighting),House Russou (General Lighting),house-russou-general-lighting
PO-LEGACY-house-saad-consultation-fee,General Spec,House Saad (Consultation fee),House Saad (Consultation fee),house-saad-consultation-fee
PO-LEGACY-house-scheufen-spare-glass,General Spec,House Scheufen (Spare Glass),House Scheufen (Spare Glass),house-scheufen-spare-glass
PO-LEGACY-house-sikwila-first-fix-interior-lighting,General Spec,House Sikwila (First Fix Interior Lighting),House Sikwila (First Fix Interior Lighting),house-sikwila-first-fix-interior-lighting
PO-LEGACY-house-sissou-decorative,General Spec,House Sissou (Decorative),House Sissou (Decorative),house-sissou-decorative
PO-LEGACY-house-sissou-design-fee,General Spec,House Sissou Design Fee,House Sissou Design Fee,house-sissou-design-fee
PO-LEGACY-house-van-niekerk-general-lightingextra-linear-light,General Spec,House Van Niekerk (General Lighting)(Extra Linear Light),House Van Niekerk (General Lighting)(Extra Linear Light),house-van-niekerk-general-lightingextra-linear-light
PO-LEGACY-house-velaskar-design-fee,General Spec,House Velaskar  ( Design Fee),House Velaskar  ( Design Fee),house-velaskar-design-fee
PO-LEGACY-house-whittaker-vanity-wall-lights,General Spec,House Whittaker (Vanity Wall Lights),House Whittaker (Vanity Wall Lights),house-whittaker-vanity-wall-lights
PO-LEGACY-hove-road-downlighters,General Spec,Hove Road (Downlighters),Hove Road (Downlighters),hove-road-downlighters
PO-LEGACY-hove-road-suspended-track-pendant,General Spec,Hove Road (Suspended Track Pendant),Hove Road (Suspended Track Pendant),hove-road-suspended-track-pendant
PO-LEGACY-ina-paarmans-kitchen-general-lighting,General Spec,Ina Paarmans Kitchen (General Lighting),Ina Paarmans Kitchen (General Lighting),ina-paarmans-kitchen-general-lighting
PO-LEGACY-ina-paarmans-kitchen-general-lighting-above-kitchen-counter,General Spec,Ina Paarmans Kitchen - General Lighting (Above Kitchen Counter),Ina Paarmans Kitchen - General Lighting (Above Kitchen Counter),ina-paarmans-kitchen-general-lighting-above-kitchen-counter
PO-LEGACY-ina-paarmans-kitchen-joinery-led,General Spec,Ina Paarmans Kitchen (Joinery LED),Ina Paarmans Kitchen (Joinery LED),ina-paarmans-kitchen-joinery-led
PO-LEGACY-ina-paarmans-kitchen-joinery-led-display-shelves,General Spec,Ina Paarmans Kitchen (Joinery LED) (Display Shelves),Ina Paarmans Kitchen (Joinery LED) (Display Shelves),ina-paarmans-kitchen-joinery-led-display-shelves
PO-LEGACY-irvine-decorative-lampsreplacement,General Spec,Irvine (Decorative Lamps)(Replacement),Irvine (Decorative Lamps)(Replacement),irvine-decorative-lampsreplacement
PO-LEGACY-jlp-harrington-design-fee,General Spec,JLP Harrington (Design Fee),JLP Harrington (Design Fee),jlp-harrington-design-fee
PO-LEGACY-johan-basson-decorative-lighting,General Spec,Johan Basson (Decorative Lighting),Johan Basson (Decorative Lighting),johan-basson-decorative-lighting
PO-LEGACY-kalahari-design-fee,General Spec,Kalahari Design Fee,Kalahari Design Fee,kalahari-design-fee
PO-LEGACY-kalahari-dining-feature-light-made,General Spec,Kalahari (Dining  Feature Light) (MADE),Kalahari (Dining  Feature Light) (MADE),kalahari-dining-feature-light-made
PO-LEGACY-kalahari-extra-required-fittings,General Spec,Kalahari (Extra Required Fittings),Kalahari (Extra Required Fittings),kalahari-extra-required-fittings
PO-LEGACY-kalahari-general-lightingbeam-spreader,General Spec,Kalahari (General Lighting)(Beam Spreader),Kalahari (General Lighting)(Beam Spreader),kalahari-general-lightingbeam-spreader
PO-LEGACY-kalahari-general-lighting-inground,General Spec,Kalahari - General Lighting (Inground),Kalahari - General Lighting (Inground),kalahari-general-lighting-inground
PO-LEGACY-kalahari-guest-villas-joinery-led-part-1,General Spec,Kalahari Guest Villas (Joinery LED) - PART 1,Kalahari Guest Villas (Joinery LED) - PART 1,kalahari-guest-villas-joinery-led-part-1
PO-LEGACY-kalahari-items-airfright,General Spec,Kalahari - Items AirFright,Kalahari - Items AirFright,kalahari-items-airfright
PO-LEGACY-kalahari-main-house-wall-lightsextras,General Spec,Kalahari Main House (Wall Lights)(Extras),Kalahari Main House (Wall Lights)(Extras),kalahari-main-house-wall-lightsextras
PO-LEGACY-kalahari-native-dali-driver,General Spec,Kalahari (Native DALI Driver),Kalahari (Native DALI Driver),kalahari-native-dali-driver
PO-LEGACY-kalahari-required-fittings-extras-2,General Spec,Kalahari (Required Fittings) (Extras 2),Kalahari (Required Fittings) (Extras 2),kalahari-required-fittings-extras-2
PO-LEGACY-kalahari-required-fittings-extras-3,General Spec,Kalahari (Required Fittings) (Extras 3),Kalahari (Required Fittings) (Extras 3),kalahari-required-fittings-extras-3
PO-LEGACY-kalahari-return-stock,General Spec,Kalahari - Return Stock,Kalahari - Return Stock,kalahari-return-stock
PO-LEGACY-kim-stephen-interiors-general-lighting,General Spec,Kim Stephen interiors (General Lighting),Kim Stephen interiors (General Lighting),kim-stephen-interiors-general-lighting
PO-LEGACY-kim-stephen-interiors-general-lighting-no-sleeve,General Spec,Kim Stephen interiors - General Lighting (No Sleeve),Kim Stephen interiors - General Lighting (No Sleeve),kim-stephen-interiors-general-lighting-no-sleeve
PO-LEGACY-koser-est-port-design-fee,General Spec,Koser EST Port. Design Fee,Koser EST Port. Design Fee,koser-est-port-design-fee
PO-LEGACY-kubili-house-decorative,General Spec,Kubili House (Decorative),Kubili House (Decorative),kubili-house-decorative
PO-LEGACY-kubili-house-design-fee,General Spec,Kubili House - Design Fee,Kubili House - Design Fee,kubili-house-design-fee
PO-LEGACY-kubili-house-gym-led,General Spec,Kubili House (Gym LED),Kubili House (Gym LED),kubili-house-gym-led
PO-LEGACY-leeukoppie-31-design-fee,General Spec,LeeuKoppie 31 (Design Fee),LeeuKoppie 31 (Design Fee),leeukoppie-31-design-fee
PO-LEGACY-loy-led,General Spec,Loy (LED),Loy (LED),loy-led
PO-LEGACY-lualdi-showroom-design-fee,General Spec,LUALDI Showroom (Design Fee),LUALDI Showroom (Design Fee),lualdi-showroom-design-fee
PO-LEGACY-luminary-lamp-accessories,General Spec,Luminary (Lamp Accessories),Luminary (Lamp Accessories),luminary-lamp-accessories
PO-LEGACY-luminary-track-componentsextras,General Spec,Luminary (Track Components)(Extras),Luminary (Track Components)(Extras),luminary-track-componentsextras
PO-LEGACY-lunn-replacement-lamps,General Spec,Lunn (Replacement Lamps),Lunn (Replacement Lamps),lunn-replacement-lamps
PO-LEGACY-lunn-replacements,General Spec,Lunn (Replacements),Lunn (Replacements),lunn-replacements
PO-LEGACY-luxeline-sharl-wasserfall-1-to-1-product-gifts-candle-and-table-lamp-for-leds-c4,General Spec,Luxeline - Sharl Wasserfall (1-TO-1 Product Gifts) (Candle and Table Lamp) For LEDS C4,Luxeline - Sharl Wasserfall (1-TO-1 Product Gifts) (Candle and Table Lamp) For LEDS C4,luxeline-sharl-wasserfall-1-to-1-product-gifts-candle-and-table-lamp-for-leds-c4
PO-LEGACY-madden-vanity-downlighters,General Spec,Madden (Vanity Downlighters),Madden (Vanity Downlighters),madden-vanity-downlighters
PO-LEGACY-made-dge-brackets,General Spec,MADE : DGE Brackets ,MADE : DGE Brackets ,made-dge-brackets
PO-LEGACY-made-dge-magnetic-accessory,General Spec,MADE : DGE (Magnetic Accessory),MADE : DGE (Magnetic Accessory),made-dge-magnetic-accessory
PO-LEGACY-made-kalahari-flexiled-light-shield,General Spec,MADE : Kalahari (Flexiled Light Shield),MADE : Kalahari (Flexiled Light Shield),made-kalahari-flexiled-light-shield
PO-LEGACY-made-kalahari-md,General Spec,MADE : Kalahari - MD,MADE : Kalahari - MD,made-kalahari-md
PO-LEGACY-made-kenya,General Spec,MADE : Kenya,MADE : Kenya,made-kenya
PO-LEGACY-made-nettleton-brackets,General Spec,MADE : Nettleton Brackets ,MADE : Nettleton Brackets ,made-nettleton-brackets
PO-LEGACY-made-nettleton-track-cover-plate,General Spec,MADE : Nettleton Track / Cover Plate,MADE : Nettleton Track / Cover Plate,made-nettleton-track-cover-plate
PO-LEGACY-made-pt-her-aroeir-lounge-ceiling-light-portugal,General Spec,MADE : PT HER AROEIR - Lounge Ceiling Light (Portugal),MADE : PT HER AROEIR - Lounge Ceiling Light (Portugal),made-pt-her-aroeir-lounge-ceiling-light-portugal
PO-LEGACY-made-quay-7-ballroom-feature-light,General Spec,MADE : Quay 7 (Ballroom Feature Light),MADE : Quay 7 (Ballroom Feature Light),made-quay-7-ballroom-feature-light
PO-LEGACY-made-singita-bats,General Spec,MADE : Singita BATS,MADE : Singita BATS,made-singita-bats
PO-LEGACY-made-singita-quaggas,General Spec,MADE : Singita Quagga's,MADE : Singita Quagga's,made-singita-quaggas
PO-LEGACY-made-waters-edge-top-hat-costing,General Spec,MADE : Waters Edge - Top Hat Costing ,MADE : Waters Edge - Top Hat Costing ,made-waters-edge-top-hat-costing
PO-LEGACY-made-wilsworth-flexiled-reading-lights,General Spec,MADE : Wilsworth (Flexiled Reading Lights),MADE : Wilsworth (Flexiled Reading Lights),made-wilsworth-flexiled-reading-lights
PO-LEGACY-mantyla-general-lighting,General Spec,Mantyla (General Lighting),Mantyla (General Lighting),mantyla-general-lighting
PO-LEGACY-mathewson-general-lighting,General Spec,Mathewson (General Lighting),Mathewson (General Lighting),mathewson-general-lighting
PO-LEGACY-md-led-lighting,General Spec,MD - LED Lighting,MD - LED Lighting,md-led-lighting
PO-LEGACY-mountain-house-ceiling-led,General Spec,Mountain House (Ceiling LED),Mountain House (Ceiling LED),mountain-house-ceiling-led
PO-LEGACY-mountain-house-decorative-lighting,General Spec,Mountain House (Decorative Lighting),Mountain House (Decorative Lighting),mountain-house-decorative-lighting
PO-LEGACY-mountain-house-general-lighting,General Spec,Mountain House (General Lighting),Mountain House (General Lighting),mountain-house-general-lighting
PO-LEGACY-mountain-house-noordhoek-beatty-vermeiren-architects-consultation-fee,General Spec,Mountain House Noordhoek (Beatty Vermeiren Architects) - Consultation Fee,Mountain House Noordhoek (Beatty Vermeiren Architects) - Consultation Fee,mountain-house-noordhoek-beatty-vermeiren-architects-consultation-fee
PO-LEGACY-muirfield-ave-design,General Spec,Muirfield Ave ( Design),Muirfield Ave ( Design),muirfield-ave-design
PO-LEGACY-muirfield-ave-product,General Spec,Muirfield Ave ( Product),Muirfield Ave ( Product),muirfield-ave-product
PO-LEGACY-namibia-footlights,General Spec,Namibia (Footlights),Namibia (Footlights),namibia-footlights
PO-LEGACY-nandos-blueprint-design-fee,General Spec,Nando's Blueprint - Design Fee,Nando's Blueprint - Design Fee,nandos-blueprint-design-fee
PO-LEGACY-nandos-central-kitchen-new-work-stations,General Spec,Nando's Central Kitchen (New Work Stations),Nando's Central Kitchen (New Work Stations),nandos-central-kitchen-new-work-stations
PO-LEGACY-nandos-fourways-downlights,General Spec,Nando's Fourways (Downlights),Nando's Fourways (Downlights),nandos-fourways-downlights
PO-LEGACY-nandos-fourways-emergency-lights,General Spec,Nando's Fourways ( emergency lights),Nando's Fourways ( emergency lights),nandos-fourways-emergency-lights
PO-LEGACY-nandos-head-office-nano-spots-extras,General Spec,Nando's Head Office (Nano Spots) (Extras),Nando's Head Office (Nano Spots) (Extras),nandos-head-office-nano-spots-extras
PO-LEGACY-nandos-stellenbosch-boh-kitchen-downlights-option-1,General Spec,Nando's Stellenbosch (BOH Kitchen Downlights) - Option 1,Nando's Stellenbosch (BOH Kitchen Downlights) - Option 1,nandos-stellenbosch-boh-kitchen-downlights-option-1
PO-LEGACY-nandos-stellenbosch-boh-kitchen-downlights-option-2,General Spec,Nando's Stellenbosch (BOH Kitchen Downlights) - Option 2,Nando's Stellenbosch (BOH Kitchen Downlights) - Option 2,nandos-stellenbosch-boh-kitchen-downlights-option-2
PO-LEGACY-nandos-stellenbosch-ceiling-led,General Spec,Nando's Stellenbosch (Ceiling LED),Nando's Stellenbosch (Ceiling LED),nandos-stellenbosch-ceiling-led
PO-LEGACY-nandos-stellenbosch-interior-architectural-lighting,General Spec,Nandos Stellenbosch (Interior Architectural Lighting),Nandos Stellenbosch (Interior Architectural Lighting),nandos-stellenbosch-interior-architectural-lighting
PO-LEGACY-nandos-stellenbosch-joinery-led,General Spec,Nando's Stellenbosch (Joinery LED),Nando's Stellenbosch (Joinery LED),nandos-stellenbosch-joinery-led
PO-LEGACY-nandos-stellenbosch-landscape-lightingcustom-colour-rev-04,General Spec,Nando's Stellenbosch (Landscape Lighting)(Custom Colour) - REV 04,Nando's Stellenbosch (Landscape Lighting)(Custom Colour) - REV 04,nandos-stellenbosch-landscape-lightingcustom-colour-rev-04
PO-LEGACY-nandos-stellenbosch-pendant-speaker,General Spec,Nando's Stellenbosch (Pendant speaker),Nando's Stellenbosch (Pendant speaker),nandos-stellenbosch-pendant-speaker
PO-LEGACY-nandos-stellenbosch-restaurant-3x-site-visit-fee,General Spec,Nando's Stellenbosch Restaurant (3x Site Visit Fee),Nando's Stellenbosch Restaurant (3x Site Visit Fee),nandos-stellenbosch-restaurant-3x-site-visit-fee
PO-LEGACY-nandos-tygervalley-design-fee,General Spec,Nando's Tygervalley (Design Fee),Nando's Tygervalley (Design Fee),nandos-tygervalley-design-fee
PO-LEGACY-nettleton-16,General Spec,Nettleton 16,Nettleton 16,nettleton-16
PO-LEGACY-nettleton-16-220v-dali-relays,General Spec,Nettleton 16 (220V-DALI Relays),Nettleton 16 (220V-DALI Relays),nettleton-16-220v-dali-relays
PO-LEGACY-nettleton-16-bollard-plinths,General Spec,Nettleton 16 (Bollard Plinths),Nettleton 16 (Bollard Plinths),nettleton-16-bollard-plinths
PO-LEGACY-nettleton-16-bracket-design-labour,General Spec,Nettleton 16 (Bracket Design & Labour),Nettleton 16 (Bracket Design & Labour),nettleton-16-bracket-design-labour
PO-LEGACY-nettleton-16-ceiling-led,General Spec,Nettleton 16 (Ceiling LED),Nettleton 16 (Ceiling LED),nettleton-16-ceiling-led
PO-LEGACY-nettleton-16-dining-room-bic-black-led,General Spec,Nettleton 16 (Dining Room BIC Black LED),Nettleton 16 (Dining Room BIC Black LED),nettleton-16-dining-room-bic-black-led
PO-LEGACY-nettleton-16-exterior-balance-lighting,General Spec,Nettleton 16 (Exterior & Balance Lighting),Nettleton 16 (Exterior & Balance Lighting),nettleton-16-exterior-balance-lighting
PO-LEGACY-nettleton-16-extra-phase-drivers,General Spec,Nettleton 16 (Extra Phase Drivers),Nettleton 16 (Extra Phase Drivers),nettleton-16-extra-phase-drivers
PO-LEGACY-nettleton-16-extra-spots,General Spec,Nettleton 16 (Extra Spots),Nettleton 16 (Extra Spots),nettleton-16-extra-spots
PO-LEGACY-nettleton-16-general-lighting-extras,General Spec,Nettleton 16 (General Lighting) (Extras),Nettleton 16 (General Lighting) (Extras),nettleton-16-general-lighting-extras
PO-LEGACY-nettleton-16-general-lighting-interior-lighting,General Spec,Nettleton 16 - General Lighting (Interior Lighting),Nettleton 16 - General Lighting (Interior Lighting),nettleton-16-general-lighting-interior-lighting
PO-LEGACY-nettleton-16-last-led-additions-2025,General Spec,Nettleton 16 (Last LED Additions 2025),Nettleton 16 (Last LED Additions 2025),nettleton-16-last-led-additions-2025
PO-LEGACY-nettleton-16-leds-and-extras,General Spec,Nettleton 16 (LEDs and Extras),Nettleton 16 (LEDs and Extras),nettleton-16-leds-and-extras
PO-LEGACY-nettleton-16-neon-flex-pool-coping-replacement,General Spec,Nettleton 16 (Neon Flex Pool Coping Replacement),Nettleton 16 (Neon Flex Pool Coping Replacement),nettleton-16-neon-flex-pool-coping-replacement
PO-LEGACY-nettleton-16-phase-dali-relays,General Spec,Nettleton 16 (Phase-DALI Relays),Nettleton 16 (Phase-DALI Relays),nettleton-16-phase-dali-relays
PO-LEGACY-nettleton-16-remaining-led-areas,General Spec,Nettleton 16 (Remaining LED Areas),Nettleton 16 (Remaining LED Areas),nettleton-16-remaining-led-areas
PO-LEGACY-nettleton-16-replacement-bollard,General Spec,Nettleton 16 (Replacement Bollard),Nettleton 16 (Replacement Bollard),nettleton-16-replacement-bollard
PO-LEGACY-nettleton-16-replacement-lights,General Spec,Nettleton 16 (Replacement Lights),Nettleton 16 (Replacement Lights),nettleton-16-replacement-lights
PO-LEGACY-nettleton-16-replacement-portal-lights,General Spec,Nettleton 16 (Replacement Portal Lights),Nettleton 16 (Replacement Portal Lights),nettleton-16-replacement-portal-lights
PO-LEGACY-nettleton-16-replacement-re-supply-portal-lights,General Spec,Nettleton 16 (Replacement & Re-Supply Portal Lights),Nettleton 16 (Replacement & Re-Supply Portal Lights),nettleton-16-replacement-re-supply-portal-lights
PO-LEGACY-nettleton-16-site-visit-fee,General Spec,Nettleton 16 - Site Visit Fee,Nettleton 16 - Site Visit Fee,nettleton-16-site-visit-fee
PO-LEGACY-nettleton-16-track-sample-to-return,General Spec,Nettleton 16 (Track Sample To Return),Nettleton 16 (Track Sample To Return),nettleton-16-track-sample-to-return
PO-LEGACY-nettleton-38-product,General Spec,Nettleton 38 (Product),Nettleton 38 (Product),nettleton-38-product
PO-LEGACY-ocean-electrical-art-spots,General Spec,Ocean Electrical (Art Spots),Ocean Electrical (Art Spots),ocean-electrical-art-spots
PO-LEGACY-og-showroom-track-spot,General Spec,OG Showroom (Track Spot),OG Showroom (Track Spot),og-showroom-track-spot
PO-LEGACY-ollewagen-design-fee,General Spec,Ollewagen (Design Fee),Ollewagen (Design Fee),ollewagen-design-fee
PO-LEGACY-omoya-hospitality-villa-design-fee,General Spec,Omoya Hospitality Villa - Design Fee,Omoya Hospitality Villa - Design Fee,omoya-hospitality-villa-design-fee
PO-LEGACY-omoyo-product,General Spec,Omoyo (Product),Omoyo (Product),omoyo-product
PO-LEGACY-onrus-design-fee,General Spec,Onrus (Design Fee),Onrus (Design Fee),onrus-design-fee
PO-LEGACY-onrus-landscape-extras-3,General Spec,Onrus (Landscape) (Extras 3),Onrus (Landscape) (Extras 3),onrus-landscape-extras-3
PO-LEGACY-onrus-landscaping-phase-1,General Spec,Onrus (Landscaping) Phase 1,Onrus (Landscaping) Phase 1,onrus-landscaping-phase-1
PO-LEGACY-oster-switches,General Spec,Oster (Switches),Oster (Switches),oster-switches
PO-LEGACY-ovd-541-bar-led,General Spec,OVD 541 (Bar LED),OVD 541 (Bar LED),ovd-541-bar-led
PO-LEGACY-ovd-541-design-fee,General Spec,OVD 541 (Design Fee),OVD 541 (Design Fee),ovd-541-design-fee
PO-LEGACY-ovd-541-landscape-replacements,General Spec,OVD 541 (Landscape Replacements),OVD 541 (Landscape Replacements),ovd-541-landscape-replacements
PO-LEGACY-ovd-541-ledextras-2,General Spec,OVD 541 (LED)(Extras 2),OVD 541 (LED)(Extras 2),ovd-541-ledextras-2
PO-LEGACY-ovd-541-replacement-inground-lights,General Spec,OVD 541 (Replacement Inground Lights),OVD 541 (Replacement Inground Lights),ovd-541-replacement-inground-lights
PO-LEGACY-ovd-541-replacement-spots,General Spec,OVD 541 (Replacement Spots),OVD 541 (Replacement Spots),ovd-541-replacement-spots
PO-LEGACY-owloon-art-spots,General Spec,Owloon (Art Spots),Owloon (Art Spots),owloon-art-spots
PO-LEGACY-part-2-std-track-sissou-architectural-lighting,General Spec,Part 2 - Std Track - Sissou (Architectural Lighting),Part 2 - Std Track - Sissou (Architectural Lighting),part-2-std-track-sissou-architectural-lighting
PO-LEGACY-patel-decorative-lighting,General Spec,Patel (Decorative Lighting),Patel (Decorative Lighting),patel-decorative-lighting
PO-LEGACY-phase-2-public-spaces-delaire-graff-site-commissioning,General Spec,Phase 2- Public Spaces -Delaire Graff Site Commissioning,Phase 2- Public Spaces -Delaire Graff Site Commissioning,phase-2-public-spaces-delaire-graff-site-commissioning
PO-LEGACY-phase-2-public-spaces-dgr-delaire-graff-design-fee,General Spec,Phase 2- Public Spaces @ DGR Delaire Graff (Design Fee),Phase 2- Public Spaces @ DGR Delaire Graff (Design Fee),phase-2-public-spaces-dgr-delaire-graff-design-fee
PO-LEGACY-philip-olmesdahl-desk-lamp,General Spec,Philip Olmesdahl (Desk Lamp),Philip Olmesdahl (Desk Lamp),philip-olmesdahl-desk-lamp
PO-LEGACY-philip-olmesdahl-pringle-bay-up-and-down,General Spec,Philip Olmesdahl (Pringle Bay Up and Down),Philip Olmesdahl (Pringle Bay Up and Down),philip-olmesdahl-pringle-bay-up-and-down
PO-LEGACY-pinetree-crescent-architectural-led-lighting,General Spec,Pinetree Crescent (Architectural & LED Lighting),Pinetree Crescent (Architectural & LED Lighting),pinetree-crescent-architectural-led-lighting
PO-LEGACY-pinetree-crescent-decorative-pendant,General Spec,Pinetree Crescent (Decorative Pendant),Pinetree Crescent (Decorative Pendant),pinetree-crescent-decorative-pendant
PO-LEGACY-pinetree-crescent-landscape-lighting,General Spec,Pinetree Crescent (Landscape Lighting),Pinetree Crescent (Landscape Lighting),pinetree-crescent-landscape-lighting
PO-LEGACY-ramenhead-ceiling-micro-track,General Spec,Ramenhead (Ceiling Micro Track),Ramenhead (Ceiling Micro Track),ramenhead-ceiling-micro-track
PO-LEGACY-rd-led-demo-ceiling-and-joinery,General Spec,R&D - LED Demo (Ceiling and Joinery),R&D - LED Demo (Ceiling and Joinery),rd-led-demo-ceiling-and-joinery
PO-LEGACY-rd-led-demo-wellshow-led,General Spec,R&D - LED Demo (Wellshow LED),R&D - LED Demo (Wellshow LED),rd-led-demo-wellshow-led
PO-LEGACY-reid-exterior-downlighters,General Spec,Reid (Exterior Downlighters),Reid (Exterior Downlighters),reid-exterior-downlighters
PO-LEGACY-reid-exterior-downlightersextras-1,General Spec,Reid (Exterior Downlighters)(Extras 1),Reid (Exterior Downlighters)(Extras 1),reid-exterior-downlightersextras-1
PO-LEGACY-reid-exterior-downlightersextras-2,General Spec,Reid (Exterior Downlighters)(Extras 2),Reid (Exterior Downlighters)(Extras 2),reid-exterior-downlightersextras-2
PO-LEGACY-reid-general-lighting-driveway-led-staff-quarters,General Spec,Reid (General Lighting) (Driveway Led & Staff Quarters),Reid (General Lighting) (Driveway Led & Staff Quarters),reid-general-lighting-driveway-led-staff-quarters
PO-LEGACY-reid-stanford-decorative-lighting,General Spec,Reid Stanford (Decorative Lighting),Reid Stanford (Decorative Lighting),reid-stanford-decorative-lighting
PO-LEGACY-reid-stanford-general-lighting,General Spec,Reid Stanford (General Lighting),Reid Stanford (General Lighting),reid-stanford-general-lighting
PO-LEGACY-reid-stanford-joinery-led,General Spec,Reid Stanford (Joinery Led),Reid Stanford (Joinery Led),reid-stanford-joinery-led
PO-LEGACY-reid-switching-extras-2,General Spec,Reid (Switching) (Extras 2),Reid (Switching) (Extras 2),reid-switching-extras-2
PO-LEGACY-reid-switching-extras-3,General Spec,Reid (Switching) (Extras 3),Reid (Switching) (Extras 3),reid-switching-extras-3
PO-LEGACY-replacements-kalahari-brown-wall-lights,General Spec,  Replacements Kalahari (Brown Wall Lights),  Replacements Kalahari (Brown Wall Lights),replacements-kalahari-brown-wall-lights
PO-LEGACY-restio-river-house-games-room-replacement-track-light,General Spec,Restio River House (Games Room - Replacement Track Light),Restio River House (Games Room - Replacement Track Light),restio-river-house-games-room-replacement-track-light
PO-LEGACY-reyburn-general-lighting,General Spec,Reyburn (General Lighting),Reyburn (General Lighting),reyburn-general-lighting
PO-LEGACY-reyburn-led-strip-lighting,General Spec,Reyburn (Led Strip Lighting),Reyburn (Led Strip Lighting),reyburn-led-strip-lighting
PO-LEGACY-rickety-bridge-luxeline-wall-light,General Spec,Rickety Bridge (Luxeline) - Wall light,Rickety Bridge (Luxeline) - Wall light,rickety-bridge-luxeline-wall-light
PO-LEGACY-rietspruit-architectural-lighting,General Spec,Rietspruit (Architectural Lighting),Rietspruit (Architectural Lighting),rietspruit-architectural-lighting
PO-LEGACY-river-house-architectural-lighting,General Spec,River House (Architectural Lighting),River House (Architectural Lighting),river-house-architectural-lighting
PO-LEGACY-robert-ag-landscape-lighting-options,General Spec,Robert AG (Landscape Lighting Options),Robert AG (Landscape Lighting Options),robert-ag-landscape-lighting-options
PO-LEGACY-rob-sylvester-home-ceiling-step-led,General Spec,Rob Sylvester Home (Ceiling & Step LED),Rob Sylvester Home (Ceiling & Step LED),rob-sylvester-home-ceiling-step-led
PO-LEGACY-rob-sylvester-home-ceiling-step-led-extras,General Spec,Rob Sylvester Home (Ceiling & Step LED) (Extras),Rob Sylvester Home (Ceiling & Step LED) (Extras),rob-sylvester-home-ceiling-step-led-extras
PO-LEGACY-rob-sylvester-home-ceiling-step-led-extra-strip,General Spec,Rob Sylvester Home (Ceiling & Step LED) (Extra Strip),Rob Sylvester Home (Ceiling & Step LED) (Extra Strip),rob-sylvester-home-ceiling-step-led-extra-strip
PO-LEGACY-rory-trollip-general-lighting,General Spec,Rory Trollip (General Lighting),Rory Trollip (General Lighting),rory-trollip-general-lighting
PO-LEGACY-roux-general-lighting,General Spec,Roux (General Lighting),Roux (General Lighting),roux-general-lighting
PO-LEGACY-saad-landscape-lighting,General Spec,Saad (Landscape Lighting),Saad (Landscape Lighting),saad-landscape-lighting
PO-LEGACY-sanctuary-5-ceiling-lighting,General Spec,Sanctuary 5 (Ceiling Lighting),Sanctuary 5 (Ceiling Lighting),sanctuary-5-ceiling-lighting
PO-LEGACY-sanctuary-5-general-lighting,General Spec,Sanctuary 5 (General Lighting),Sanctuary 5 (General Lighting),sanctuary-5-general-lighting
PO-LEGACY-sanctuary-5-landscape-lighting,General Spec,Sanctuary 5 (Landscape Lighting),Sanctuary 5 (Landscape Lighting),sanctuary-5-landscape-lighting
PO-LEGACY-sanctuary-5-led-lighting,General Spec,Sanctuary 5 (LED Lighting),Sanctuary 5 (LED Lighting),sanctuary-5-led-lighting
PO-LEGACY-saota-libraryextras-1,General Spec,SAOTA (Library)(Extras 1),SAOTA (Library)(Extras 1),saota-libraryextras-1
PO-LEGACY-sassoon-general-lighting,General Spec,Sassoon (General Lighting),Sassoon (General Lighting),sassoon-general-lighting
PO-LEGACY-sea-hare-ceiling-led,General Spec,Sea Hare (Ceiling Led),Sea Hare (Ceiling Led),sea-hare-ceiling-led
PO-LEGACY-sea-hare-joinery-led,General Spec,Sea Hare (Joinery Led),Sea Hare (Joinery Led),sea-hare-joinery-led
PO-LEGACY-seerus-design-fee,General Spec,Seerus (Design Fee),Seerus (Design Fee),seerus-design-fee
PO-LEGACY-sikwila-basement-ceiling-led,General Spec,Sikwila - Basement (Ceiling LED),Sikwila - Basement (Ceiling LED),sikwila-basement-ceiling-led
PO-LEGACY-sikwila-basement-general-lighting,General Spec,Sikwila - Basement (General Lighting),Sikwila - Basement (General Lighting),sikwila-basement-general-lighting
PO-LEGACY-sikwila-design-fee-part-2,General Spec,Sikwila - Design Fee (Part 2),Sikwila - Design Fee (Part 2),sikwila-design-fee-part-2
PO-LEGACY-sikwila-first-floor-ceiling-led,General Spec,Sikwila - First Floor (Ceiling LED),Sikwila - First Floor (Ceiling LED),sikwila-first-floor-ceiling-led
PO-LEGACY-sikwila-first-floor-general-lighting,General Spec,Sikwila - First Floor (General Lighting),Sikwila - First Floor (General Lighting),sikwila-first-floor-general-lighting
PO-LEGACY-sikwila-first-floor-joinery-led,General Spec,Sikwila (First Floor Joinery LED),Sikwila (First Floor Joinery LED),sikwila-first-floor-joinery-led
PO-LEGACY-sikwila-ground-floor-ceiling-led,General Spec,Sikwila - Ground Floor (Ceiling LED),Sikwila - Ground Floor (Ceiling LED),sikwila-ground-floor-ceiling-led
PO-LEGACY-sikwila-ground-floor-general-lighting,General Spec,Sikwila - Ground Floor (General Lighting),Sikwila - Ground Floor (General Lighting),sikwila-ground-floor-general-lighting
PO-LEGACY-sikwila-ground-floor-joinery-led,General Spec,Sikwila (Ground Floor Joinery LED),Sikwila (Ground Floor Joinery LED),sikwila-ground-floor-joinery-led
PO-LEGACY-sikwila-hs-steyn-city-design-fee,General Spec,Sikwila HS - Steyn City (Design Fee),Sikwila HS - Steyn City (Design Fee),sikwila-hs-steyn-city-design-fee
PO-LEGACY-sikwila-landscape,General Spec,Sikwila (Landscape),Sikwila (Landscape),sikwila-landscape
PO-LEGACY-sikwila-site-visit,General Spec,Sikwila (Site Visit),Sikwila (Site Visit),sikwila-site-visit
PO-LEGACY-silverboom-kloof-guest-lodge-bedside-lights,General Spec,Silverboom Kloof Guest Lodge (Bedside Lights),Silverboom Kloof Guest Lodge (Bedside Lights),silverboom-kloof-guest-lodge-bedside-lights
PO-LEGACY-silverboom-kloof-guest-lodge-general-lighting,General Spec,Silverboom Kloof Guest Lodge (General Lighting),Silverboom Kloof Guest Lodge (General Lighting),silverboom-kloof-guest-lodge-general-lighting
PO-LEGACY-silverboom-kloof-guest-lodge-replacement-drivers,General Spec,Silverboom Kloof Guest Lodge (Replacement Drivers),Silverboom Kloof Guest Lodge (Replacement Drivers),silverboom-kloof-guest-lodge-replacement-drivers
PO-LEGACY-silverboom-kloof-guest-lodgesextra-drivers,General Spec,Silverboom Kloof (Guest Lodges)(Extra Drivers),Silverboom Kloof (Guest Lodges)(Extra Drivers),silverboom-kloof-guest-lodgesextra-drivers
PO-LEGACY-singita-01-bed-unit-guest-bathroom-rail-led,General Spec,Singita (01 Bed Unit Guest Bathroom) (Rail LED),Singita (01 Bed Unit Guest Bathroom) (Rail LED),singita-01-bed-unit-guest-bathroom-rail-led
PO-LEGACY-singita-01-bed-unit-guest-camp,General Spec,Singita (01 Bed Unit Guest Camp),Singita (01 Bed Unit Guest Camp),singita-01-bed-unit-guest-camp
PO-LEGACY-singita-02-bed-guest-unit-x-2,General Spec,Singita (02 BED GUEST UNIT) X 2,Singita (02 BED GUEST UNIT) X 2,singita-02-bed-guest-unit-x-2
PO-LEGACY-singita-02-bed-unit-guest-bathroom-rail-led,General Spec,Singita (02 Bed Unit Guest Bathroom) (Rail LED),Singita (02 Bed Unit Guest Bathroom) (Rail LED),singita-02-bed-unit-guest-bathroom-rail-led
PO-LEGACY-singita-airstrip-lighting,General Spec,Singita (Airstrip Lighting),Singita (Airstrip Lighting),singita-airstrip-lighting
PO-LEGACY-singita-bg-general-lighting,General Spec,Singita (B&G General Lighting),Singita (B&G General Lighting),singita-bg-general-lighting
PO-LEGACY-singita-bg-joinery-led,General Spec,Singita (B&G Joinery LED),Singita (B&G Joinery LED),singita-bg-joinery-led
PO-LEGACY-singita-camp-kitchen,General Spec,Singita (Camp Kitchen),Singita (Camp Kitchen),singita-camp-kitchen
PO-LEGACY-singita-carport,General Spec,Singita (Carport),Singita (Carport),singita-carport
PO-LEGACY-singita-courtyard-est,General Spec,Singita (Courtyard) EST,Singita (Courtyard) EST,singita-courtyard-est
PO-LEGACY-singita-culinary-school,General Spec,Singita (Culinary School),Singita (Culinary School),singita-culinary-school
PO-LEGACY-singita-freight-to-pretoria,General Spec,Singita - Freight to Pretoria,Singita - Freight to Pretoria,singita-freight-to-pretoria
PO-LEGACY-singita-guest-camp-8carport-lighting,General Spec,Singita (Guest Camp 8)(Carport Lighting),Singita (Guest Camp 8)(Carport Lighting),singita-guest-camp-8carport-lighting
PO-LEGACY-singita-guest-camp-8-general-lighting,General Spec,Singita - Guest Camp 8 (General Lighting),Singita - Guest Camp 8 (General Lighting),singita-guest-camp-8-general-lighting
PO-LEGACY-singita-guest-camp-8-led-lighting,General Spec,Singita - Guest Camp 8 (LED Lighting),Singita - Guest Camp 8 (LED Lighting),singita-guest-camp-8-led-lighting
PO-LEGACY-singita-gym-lighting,General Spec,Singita (Gym Lighting),Singita (Gym Lighting),singita-gym-lighting
PO-LEGACY-singita-ladybird-investments-ta-lodge-builders-botswana-design-fee,General Spec,Singita Ladybird Investments T/A Lodge Builders Botswana Design Fee,Singita Ladybird Investments T/A Lodge Builders Botswana Design Fee,singita-ladybird-investments-ta-lodge-builders-botswana-design-fee
PO-LEGACY-singita-landscape-lighting-pathway-lights,General Spec,Singita (Landscape Lighting) (Pathway Lights),Singita (Landscape Lighting) (Pathway Lights),singita-landscape-lighting-pathway-lights
PO-LEGACY-singita-office-lighting,General Spec,Singita (Office Lighting),Singita (Office Lighting),singita-office-lighting
PO-LEGACY-singita-staff-canteen,General Spec,Singita (Staff Canteen),Singita (Staff Canteen),singita-staff-canteen
PO-LEGACY-singita-the-conservation-lounge,General Spec,Singita (The Conservation Lounge),Singita (The Conservation Lounge),singita-the-conservation-lounge
PO-LEGACY-sissou-ceiling-led,General Spec,Sissou (Ceiling LED),Sissou (Ceiling LED),sissou-ceiling-led
PO-LEGACY-sissou-exterior-landscape-lighting,General Spec,Sissou (Exterior & Landscape Lighting),Sissou (Exterior & Landscape Lighting),sissou-exterior-landscape-lighting
PO-LEGACY-sissou-footlight,General Spec,Sissou (Footlight),Sissou (Footlight),sissou-footlight
PO-LEGACY-sissou-footlights-ingrounds,General Spec,Sissou (Footlights & Ingrounds),Sissou (Footlights & Ingrounds),sissou-footlights-ingrounds
PO-LEGACY-sissou-joinery-led,General Spec,Sissou (Joinery LED),Sissou (Joinery LED),sissou-joinery-led
PO-LEGACY-sissou-site-visit,General Spec,Sissou (Site Visit),Sissou (Site Visit),sissou-site-visit
PO-LEGACY-southern-guild-led-lamps,General Spec,Southern Guild (LED Lamps),Southern Guild (LED Lamps),southern-guild-led-lamps
PO-LEGACY-south-villa-602-gym-replacement-led,General Spec,South Villa 602 (Gym Replacement LED),South Villa 602 (Gym Replacement LED),south-villa-602-gym-replacement-led
PO-LEGACY-spier-main-building-general-lighting-first-floor-roof-bar-phase-1,General Spec,Spier Main Building (General Lighting) (First Floor - Roof Bar Phase 1),Spier Main Building (General Lighting) (First Floor - Roof Bar Phase 1),spier-main-building-general-lighting-first-floor-roof-bar-phase-1
PO-LEGACY-spier-main-building-general-lighting-ground-floor-dining-room-phase-1,General Spec,Spier Main Building (General Lighting) (Ground Floor - Dining Room Phase 1),Spier Main Building (General Lighting) (Ground Floor - Dining Room Phase 1),spier-main-building-general-lighting-ground-floor-dining-room-phase-1
PO-LEGACY-spier-main-building-general-lighting-ground-floor-enterance-wine-gallery-wc,General Spec,Spier Main Building (General Lighting) (Ground Floor - Enterance + Wine Gallery + WC),Spier Main Building (General Lighting) (Ground Floor - Enterance + Wine Gallery + WC),spier-main-building-general-lighting-ground-floor-enterance-wine-gallery-wc
PO-LEGACY-spier-main-building-general-lighting-ground-floor-entrance-wine-gallery-wc-ceramic-wall,General Spec,Spier Main Building (General Lighting) (Ground Floor - Entrance + Wine Gallery + WC) - Ceramic Wall,Spier Main Building (General Lighting) (Ground Floor - Entrance + Wine Gallery + WC) - Ceramic Wall,spier-main-building-general-lighting-ground-floor-entrance-wine-gallery-wc-ceramic-wall
PO-LEGACY-spier-villa-2-general-lighting,General Spec,Spier Villa 2 (General Lighting),Spier Villa 2 (General Lighting),spier-villa-2-general-lighting
PO-LEGACY-spier-wine-farm-design-fee,General Spec,Spier Wine Farm (Design Fee),Spier Wine Farm (Design Fee),spier-wine-farm-design-fee
PO-LEGACY-spier-wine-farm-led,General Spec,Spier Wine Farm - (LED),Spier Wine Farm - (LED),spier-wine-farm-led
PO-LEGACY-stanford-house-corfe,General Spec,Stanford (House Corfe),Stanford (House Corfe),stanford-house-corfe
PO-LEGACY-steenberg-exterior-lighting-return-to-supplier,General Spec,Steenberg (Exterior Lighting) (Return to Supplier),Steenberg (Exterior Lighting) (Return to Supplier),steenberg-exterior-lighting-return-to-supplier
PO-LEGACY-stefan-antoni-general-lighting-floor-lamp,General Spec,Stefan Antoni - General Lighting (Floor Lamp),Stefan Antoni - General Lighting (Floor Lamp),stefan-antoni-general-lighting-floor-lamp
PO-LEGACY-stefan-antoni-general-lighting-floor-lamp-for-friend,General Spec,Stefan Antoni - General Lighting (Floor Lamp) (For Friend),Stefan Antoni - General Lighting (Floor Lamp) (For Friend),stefan-antoni-general-lighting-floor-lamp-for-friend
PO-LEGACY-stefan-antoni-stillbaai-sp18-joinery-led,General Spec,Stefan Antoni - StillBaai SP18 (Joinery LED),Stefan Antoni - StillBaai SP18 (Joinery LED),stefan-antoni-stillbaai-sp18-joinery-led
PO-LEGACY-stefan-pool-table-light,General Spec,Stefan (Pool Table Light),Stefan (Pool Table Light),stefan-pool-table-light
PO-LEGACY-stellenbosch-nandos-exterior-features-drive-through-design-fee,General Spec,Stellenbosch Nando's - Exterior features & drive through - Design Fee,Stellenbosch Nando's - Exterior features & drive through - Design Fee,stellenbosch-nandos-exterior-features-drive-through-design-fee
PO-LEGACY-stellenbosch-nandos-external-works-design-fee,General Spec,Stellenbosch Nando's - external works - Design Fee,Stellenbosch Nando's - external works - Design Fee,stellenbosch-nandos-external-works-design-fee
PO-LEGACY-stellenbosch-nandos-restaurant-design-fee,General Spec,Stellenbosch Nando's - Restaurant - Design Fee,Stellenbosch Nando's - Restaurant - Design Fee,stellenbosch-nandos-restaurant-design-fee
PO-LEGACY-stengl-extras-1,General Spec,Stengl (Extras 1),Stengl (Extras 1),stengl-extras-1
PO-LEGACY-st-francis-dmx-cable,General Spec,St Francis (DMX Cable),St Francis (DMX Cable),st-francis-dmx-cable
PO-LEGACY-st-francis-general-lighting-balance1,General Spec,St Francis (General Lighting) (Balance)1,St Francis (General Lighting) (Balance)1,st-francis-general-lighting-balance1
PO-LEGACY-st-francis-general-lighting-order-2,General Spec,St Francis (General Lighting) (Order 2),St Francis (General Lighting) (Order 2),st-francis-general-lighting-order-2
PO-LEGACY-st-francis-guest-wc-leds,General Spec,St Francis (Guest WC LEDS),St Francis (Guest WC LEDS),st-francis-guest-wc-leds
PO-LEGACY-st-francis-rgb-neon-flex,General Spec,St Francis (RGB Neon Flex),St Francis (RGB Neon Flex),st-francis-rgb-neon-flex
PO-LEGACY-stillbaai-sp18-bollards,General Spec,StillBaai SP18 (Bollards),StillBaai SP18 (Bollards),stillbaai-sp18-bollards
PO-LEGACY-stillbaai-sp18-flood-light,General Spec,StillBaai SP18 (Flood Light),StillBaai SP18 (Flood Light),stillbaai-sp18-flood-light
PO-LEGACY-stillbaai-sp18-joinery-ledre-order,General Spec,StillBaai SP18 (Joinery LED)(Re-Order),StillBaai SP18 (Joinery LED)(Re-Order),stillbaai-sp18-joinery-ledre-order
PO-LEGACY-stoep-huis-ceiling-fans,General Spec,Stoep Huis (Ceiling Fans),Stoep Huis (Ceiling Fans),stoep-huis-ceiling-fans
PO-LEGACY-stoep-huis-ceiling-led,General Spec,Stoep Huis (Ceiling LED) ,Stoep Huis (Ceiling LED) ,stoep-huis-ceiling-led
PO-LEGACY-stoep-huis-general-lighting,General Spec,Stoep Huis (General Lighting),Stoep Huis (General Lighting),stoep-huis-general-lighting
PO-LEGACY-stoep-huis-general-lightingextras,General Spec,Stoep Huis (General Lighting)(Extras),Stoep Huis (General Lighting)(Extras),stoep-huis-general-lightingextras
PO-LEGACY-stoep-huis-joinery-led-lighting,General Spec,Stoep Huis (Joinery LED Lighting),Stoep Huis (Joinery LED Lighting),stoep-huis-joinery-led-lighting
PO-LEGACY-stoep-huis-professional-design-fee,General Spec,Stoep Huis Professional - Design Fee,Stoep Huis Professional - Design Fee,stoep-huis-professional-design-fee
PO-LEGACY-strydom-landscape-replacement,General Spec,Strydom (Landscape) (Replacement),Strydom (Landscape) (Replacement),strydom-landscape-replacement
PO-LEGACY-stylianou-ceiling-led,General Spec,Stylianou (Ceiling LED),Stylianou (Ceiling LED),stylianou-ceiling-led
PO-LEGACY-stylianou-general-lighting,General Spec,Stylianou (General Lighting),Stylianou (General Lighting),stylianou-general-lighting
PO-LEGACY-stylianou-joinery-led-step-led,General Spec,Stylianou (Joinery LED - Step Led),Stylianou (Joinery LED - Step Led),stylianou-joinery-led-step-led
PO-LEGACY-sv1-backlit-marble-extras-2,General Spec,SV1 (Backlit Marble) (Extras 2),SV1 (Backlit Marble) (Extras 2),sv1-backlit-marble-extras-2
PO-LEGACY-sv1-backlit-marble-extras-3,General Spec,SV1 (Backlit Marble Extras 3),SV1 (Backlit Marble Extras 3),sv1-backlit-marble-extras-3
PO-LEGACY-sv1-ceiling-step-led-unit-37breplace-stock-used-for-patel,General Spec,SV1 (Ceiling & Step Led) (Unit 37B)(Replace Stock Used for Patel),SV1 (Ceiling & Step Led) (Unit 37B)(Replace Stock Used for Patel),sv1-ceiling-step-led-unit-37breplace-stock-used-for-patel
PO-LEGACY-sv1-general-lighting-extras-6,General Spec,SV1 (General Lighting) (Extras 6),SV1 (General Lighting) (Extras 6),sv1-general-lighting-extras-6
PO-LEGACY-swallows-nest-attic-stock,General Spec,Swallows Nest (Attic Stock),Swallows Nest (Attic Stock),swallows-nest-attic-stock
PO-LEGACY-swallows-nest-bollard-base,General Spec,Swallows Nest (Bollard Base),Swallows Nest (Bollard Base),swallows-nest-bollard-base
PO-LEGACY-swallows-nest-bollard-bases,General Spec,Swallows Nest (Bollard Bases),Swallows Nest (Bollard Bases),swallows-nest-bollard-bases
PO-LEGACY-swallows-nest-extra-garden-spikes,General Spec,Swallows Nest (Extra Garden Spikes),Swallows Nest (Extra Garden Spikes),swallows-nest-extra-garden-spikes
PO-LEGACY-swallows-nest-garden-spikesextra1,General Spec,Swallows Nest (Garden Spikes)(Extra1),Swallows Nest (Garden Spikes)(Extra1),swallows-nest-garden-spikesextra1
PO-LEGACY-swallows-nest-general-lightingphase-dimmable-driver,General Spec,Swallows Nest (General Lighting)(Phase dimmable driver),Swallows Nest (General Lighting)(Phase dimmable driver),swallows-nest-general-lightingphase-dimmable-driver
PO-LEGACY-swallows-nest-joinery-extrasoff-set-with-credit,General Spec,Swallows Nest (Joinery Extras)(Off-Set With Credit) ,Swallows Nest (Joinery Extras)(Off-Set With Credit) ,swallows-nest-joinery-extrasoff-set-with-credit
PO-LEGACY-swallows-nest-joinery-led,General Spec,Swallows Nest (Joinery LED),Swallows Nest (Joinery LED),swallows-nest-joinery-led
PO-LEGACY-swallows-nest-led-driver-replacement-credit,General Spec,Swallows Nest (LED - Driver Replacement + Credit),Swallows Nest (LED - Driver Replacement + Credit),swallows-nest-led-driver-replacement-credit
PO-LEGACY-swallows-nest-led-lighting-joinery-removed,General Spec,Swallows Nest LED Lighting [Joinery Removed],Swallows Nest LED Lighting [Joinery Removed],swallows-nest-led-lighting-joinery-removed
PO-LEGACY-swallows-nest-light-reduction-filters,General Spec,Swallows Nest (Light Reduction Filters),Swallows Nest (Light Reduction Filters),swallows-nest-light-reduction-filters
PO-LEGACY-swallows-nest-replacement-bollard,General Spec,Swallows Nest (Replacement Bollard),Swallows Nest (Replacement Bollard),swallows-nest-replacement-bollard
PO-LEGACY-swallows-nest-replacement-bollards-and-bases,General Spec,Swallows Nest (Replacement Bollards and Bases),Swallows Nest (Replacement Bollards and Bases),swallows-nest-replacement-bollards-and-bases
PO-LEGACY-swanepoel-exterior-wall-lights-extras,General Spec,Swanepoel (Exterior Wall Lights) (Extras),Swanepoel (Exterior Wall Lights) (Extras),swanepoel-exterior-wall-lights-extras
PO-LEGACY-swanepoel-landscape-lighting,General Spec,Swanepoel (Landscape Lighting),Swanepoel (Landscape Lighting),swanepoel-landscape-lighting
PO-LEGACY-swartzberg-decorative-lighting,General Spec,Swartzberg (Decorative Lighting),Swartzberg (Decorative Lighting),swartzberg-decorative-lighting
PO-LEGACY-tambor-9-design-fee,General Spec,Tambor 9 - Design Fee,Tambor 9 - Design Fee,tambor-9-design-fee
PO-LEGACY-taryn-van-rooyen-general-lightingspike-lights,General Spec,Taryn Van Rooyen (General Lighting)(Spike Lights),Taryn Van Rooyen (General Lighting)(Spike Lights),taryn-van-rooyen-general-lightingspike-lights
PO-LEGACY-the-president-hotel-conference-room-leds,General Spec,The President Hotel (Conference Room LEDs),The President Hotel (Conference Room LEDs),the-president-hotel-conference-room-leds
PO-LEGACY-tim-harbich-facade-led,General Spec,Tim Harbich (Facade Led),Tim Harbich (Facade Led),tim-harbich-facade-led
PO-LEGACY-topat-replacement-fittings-and-led,General Spec,Topat (Replacement Fittings and LED),Topat (Replacement Fittings and LED),topat-replacement-fittings-and-led
PO-LEGACY-topat-replacement-fittings-and-less-led,General Spec,Topat (Replacement Fittings and Less LED),Topat (Replacement Fittings and Less LED),topat-replacement-fittings-and-less-led
PO-LEGACY-topat-simons-town-wall-light-replacement-spares,General Spec,Topat Simons Town (Wall Light) (Replacement Spares),Topat Simons Town (Wall Light) (Replacement Spares),topat-simons-town-wall-light-replacement-spares
PO-LEGACY-twin-towers-picture-light,General Spec,Twin Towers (Picture Light),Twin Towers (Picture Light),twin-towers-picture-light
PO-LEGACY-union-house-art-led-repair,General Spec,Union House Art (LED Repair),Union House Art (LED Repair),union-house-art-led-repair
PO-LEGACY-union-house-consulting-design-fee,General Spec,Union House - Consulting Design fee,Union House - Consulting Design fee,union-house-consulting-design-fee
PO-LEGACY-updated-singita-the-hub-zone-1030626,General Spec,Updated - Singita (The Hub Zone 1)03/06/26,Updated - Singita (The Hub Zone 1)03/06/26,updated-singita-the-hub-zone-1030626
PO-LEGACY-upper-albert-faulty-replacement-spikes,General Spec,Upper Albert (Faulty Replacement Spikes),Upper Albert (Faulty Replacement Spikes),upper-albert-faulty-replacement-spikes
PO-LEGACY-upper-primrose-design-fee,General Spec,Upper Primrose - Design Fee ,Upper Primrose - Design Fee ,upper-primrose-design-fee
PO-LEGACY-van-niekerk-replacement-landscape-drivers,General Spec,Van Niekerk (Replacement Landscape Drivers),Van Niekerk (Replacement Landscape Drivers),van-niekerk-replacement-landscape-drivers
PO-LEGACY-van-ryns-brandy-distillery-tasting-room,General Spec,Van Ryn's Brandy (Distillery & Tasting Room),Van Ryn's Brandy (Distillery & Tasting Room),van-ryns-brandy-distillery-tasting-room
PO-LEGACY-van-ryns-brandy-distillery-tasting-room-joinery-led,General Spec,Van Ryn's Brandy (Distillery & Tasting Room) (Joinery LED),Van Ryn's Brandy (Distillery & Tasting Room) (Joinery LED),van-ryns-brandy-distillery-tasting-room-joinery-led
PO-LEGACY-villa-hk-design-fee,General Spec,Villa HK (Design Fee),Villa HK (Design Fee),villa-hk-design-fee
PO-LEGACY-villa-r11-international-design-fee,General Spec,Villa R11 (International Design Fee),Villa R11 (International Design Fee),villa-r11-international-design-fee
PO-LEGACY-villa-z-design-fee,General Spec,Villa Z (Design Fee),Villa Z (Design Fee),villa-z-design-fee
PO-LEGACY-waters-edge-26-ceiling-step-led-lighting,General Spec,Waters Edge 26 (Ceiling & Step LED Lighting),Waters Edge 26 (Ceiling & Step LED Lighting),waters-edge-26-ceiling-step-led-lighting
PO-LEGACY-waters-edge-26-design-fee,General Spec,Water's Edge 26 (Design Fee),Water's Edge 26 (Design Fee),waters-edge-26-design-fee
PO-LEGACY-waters-edge-26-general-lighting,General Spec,Waters Edge 26 (General Lighting),Waters Edge 26 (General Lighting),waters-edge-26-general-lighting
PO-LEGACY-waters-edge-26-joinery-led,General Spec,Waters Edge 26 (Joinery LED),Waters Edge 26 (Joinery LED),waters-edge-26-joinery-led
PO-LEGACY-waters-edge-28,General Spec,Waters Edge 28,Waters Edge 28,waters-edge-28
PO-LEGACY-watersedge-28-general-lighting,General Spec,WatersEdge 28 (General Lighting),WatersEdge 28 (General Lighting),watersedge-28-general-lighting
PO-LEGACY-waters-edge-28-switching,General Spec,Waters Edge 28 (Switching),Waters Edge 28 (Switching),waters-edge-28-switching
PO-LEGACY-wynand-wilsenach-architects-led-drivers-for-wynand,General Spec,Wynand Wilsenach Architects (LED Drivers For Wynand),Wynand Wilsenach Architects (LED Drivers For Wynand),wynand-wilsenach-architects-led-drivers-for-wynand
PO-LEGACY-wynand-wilsenacht-architects-spike-lights-for-wynand,General Spec,Wynand Wilsenacht Architects (Spike Lights For Wynand),Wynand Wilsenacht Architects (Spike Lights For Wynand),wynand-wilsenacht-architects-spike-lights-for-wynand
